[debug] [2026-02-07T13:53:37.297Z] ----------------------------------------------------------------------
[debug] [2026-02-07T13:53:37.302Z] Command:       /Users/sadanekdemir/.nvm/versions/node/v25.4.0/bin/node /Users/sadanekdemir/.nvm/versions/node/v25.4.0/bin/firebase deploy --only functions
[debug] [2026-02-07T13:53:37.303Z] CLI Version:   15.5.1
[debug] [2026-02-07T13:53:37.303Z] Platform:      darwin
[debug] [2026-02-07T13:53:37.303Z] Node Version:  v25.4.0
[debug] [2026-02-07T13:53:37.303Z] Time:          Sat Feb 07 2026 12:53:37 GMT-0100 (Azores Standard Time)
[debug] [2026-02-07T13:53:37.303Z] ----------------------------------------------------------------------
[debug] 
[debug] [2026-02-07T13:53:38.247Z] > command requires scopes: ["email","openid","https://www.googleapis.com/auth/cloudplatformprojects.readonly","https://www.googleapis.com/auth/firebase","https://www.googleapis.com/auth/cloud-platform"]
[debug] [2026-02-07T13:53:38.248Z] > authorizing via signed-in user (sekdemir@gmail.com)
[debug] [2026-02-07T13:53:38.249Z] [iam] checking project hug-me-app-afb44 for permissions ["cloudfunctions.functions.create","cloudfunctions.functions.delete","cloudfunctions.functions.get","cloudfunctions.functions.list","cloudfunctions.functions.update","cloudfunctions.operations.get","firebase.projects.get"]
[debug] [2026-02-07T13:53:38.250Z] Checked if tokens are valid: true, expires at: 1770475026243
[debug] [2026-02-07T13:53:38.250Z] Checked if tokens are valid: true, expires at: 1770475026243
[debug] [2026-02-07T13:53:38.251Z] >>> [apiv2][query] POST https://cloudresourcemanager.googleapis.com/v1/projects/hug-me-app-afb44:testIamPermissions [none]
[debug] [2026-02-07T13:53:38.251Z] >>> [apiv2][(partial)header] POST https://cloudresourcemanager.googleapis.com/v1/projects/hug-me-app-afb44:testIamPermissions  x-goog-user-project=hug-me-app-afb44
[debug] [2026-02-07T13:53:38.251Z] >>> [apiv2][body] POST https://cloudresourcemanager.googleapis.com/v1/projects/hug-me-app-afb44:testIamPermissions {"permissions":["cloudfunctions.functions.create","cloudfunctions.functions.delete","cloudfunctions.functions.get","cloudfunctions.functions.list","cloudfunctions.functions.update","cloudfunctions.operations.get","firebase.projects.get"]}
[debug] [2026-02-07T13:53:39.078Z] <<< [apiv2][status] POST https://cloudresourcemanager.googleapis.com/v1/projects/hug-me-app-afb44:testIamPermissions 200
[debug] [2026-02-07T13:53:39.078Z] <<< [apiv2][body] POST https://cloudresourcemanager.googleapis.com/v1/projects/hug-me-app-afb44:testIamPermissions {"permissions":["cloudfunctions.functions.create","cloudfunctions.functions.delete","cloudfunctions.functions.get","cloudfunctions.functions.list","cloudfunctions.functions.update","cloudfunctions.operations.get","firebase.projects.get"]}
[debug] [2026-02-07T13:53:39.078Z] Checked if tokens are valid: true, expires at: 1770475026243
[debug] [2026-02-07T13:53:39.078Z] Checked if tokens are valid: true, expires at: 1770475026243
[debug] [2026-02-07T13:53:39.078Z] >>> [apiv2][query] POST https://iam.googleapis.com/v1/projects/hug-me-app-afb44/serviceAccounts/hug-me-app-afb44@appspot.gserviceaccount.com:testIamPermissions [none]
[debug] [2026-02-07T13:53:39.078Z] >>> [apiv2][body] POST https://iam.googleapis.com/v1/projects/hug-me-app-afb44/serviceAccounts/hug-me-app-afb44@appspot.gserviceaccount.com:testIamPermissions {"permissions":["iam.serviceAccounts.actAs"]}
[debug] [2026-02-07T13:53:39.906Z] <<< [apiv2][status] POST https://iam.googleapis.com/v1/projects/hug-me-app-afb44/serviceAccounts/hug-me-app-afb44@appspot.gserviceaccount.com:testIamPermissions 200
[debug] [2026-02-07T13:53:39.906Z] <<< [apiv2][body] POST https://iam.googleapis.com/v1/projects/hug-me-app-afb44/serviceAccounts/hug-me-app-afb44@appspot.gserviceaccount.com:testIamPermissions {"permissions":["iam.serviceAccounts.actAs"]}
[info] 
[info] === Deploying to 'hug-me-app-afb44'...
[info] 
[info] i  deploying functions 
[info] Running command: npm --prefix "$RESOURCE_DIR" run lint
[info] Running command: npm --prefix "$RESOURCE_DIR" run build
[info] ✔  functions: Finished running predeploy script. 
[debug] [2026-02-07T13:53:44.702Z] Checked if tokens are valid: true, expires at: 1770475026243
[debug] [2026-02-07T13:53:44.702Z] Checked if tokens are valid: true, expires at: 1770475026243
[debug] [2026-02-07T13:53:44.702Z] >>> [apiv2][query] GET https://cloudresourcemanager.googleapis.com/v1/projects/hug-me-app-afb44 [none]
[debug] [2026-02-07T13:53:45.523Z] <<< [apiv2][status] GET https://cloudresourcemanager.googleapis.com/v1/projects/hug-me-app-afb44 200
[debug] [2026-02-07T13:53:45.523Z] <<< [apiv2][body] GET https://cloudresourcemanager.googleapis.com/v1/projects/hug-me-app-afb44 {"projectNumber":"150030020437","projectId":"hug-me-app-afb44","lifecycleState":"ACTIVE","name":"hug-me-app","labels":{"firebase":"enabled","firebase-core":"disabled"},"createTime":"2026-02-04T01:35:26.347713Z"}
[info] i  functions: preparing codebase default for deployment 
[info] i  functions: ensuring required API cloudfunctions.googleapis.com is enabled... 
[info] i  functions: ensuring required API cloudbuild.googleapis.com is enabled... 
[info] i  artifactregistry: ensuring required API artifactregistry.googleapis.com is enabled... 
[debug] [2026-02-07T13:53:45.526Z] Checked if tokens are valid: true, expires at: 1770475026243
[debug] [2026-02-07T13:53:45.526Z] Checked if tokens are valid: true, expires at: 1770475026243
[debug] [2026-02-07T13:53:45.526Z] >>> [apiv2][query] GET https://firebase.googleapis.com/v1beta1/projects/hug-me-app-afb44/adminSdkConfig [none]
[debug] [2026-02-07T13:53:46.042Z] <<< [apiv2][status] GET https://firebase.googleapis.com/v1beta1/projects/hug-me-app-afb44/adminSdkConfig 200
[debug] [2026-02-07T13:53:46.043Z] <<< [apiv2][body] GET https://firebase.googleapis.com/v1beta1/projects/hug-me-app-afb44/adminSdkConfig {"projectId":"hug-me-app-afb44","storageBucket":"hug-me-app-afb44.firebasestorage.app"}
[debug] [2026-02-07T13:53:46.044Z] Validating nodejs source
[debug] [2026-02-07T13:53:46.889Z] > [functions] package.json contents: {
  "name": "functions",
  "scripts": {
    "lint": "echo \"Skipping lint\"",
    "build": "tsc",
    "build:watch": "tsc --watch",
    "serve": "npm run build && firebase emulators:start --only functions",
    "shell": "npm run build && firebase functions:shell",
    "start": "npm run shell",
    "deploy": "firebase deploy --only functions",
    "logs": "firebase functions:log"
  },
  "engines": {
    "node": "24"
  },
  "main": "lib/index.js",
  "dependencies": {
    "firebase-admin": "^13.6.0",
    "firebase-functions": "^7.0.0",
    "node-fetch": "^3.3.2"
  },
  "devDependencies": {
    "@typescript-eslint/eslint-plugin": "^5.12.0",
    "@typescript-eslint/parser": "^5.12.0",
    "eslint": "^8.9.0",
    "eslint-config-google": "^0.14.0",
    "eslint-plugin-import": "^2.25.4",
    "firebase-functions-test": "^3.4.1",
    "typescript": "^5.7.3"
  },
  "private": true
}
[debug] [2026-02-07T13:53:46.889Z] Building nodejs source
[info] i  functions: Loading and analyzing source code for codebase default to determine what to deploy 
[debug] [2026-02-07T13:53:46.890Z] Could not find functions.yaml. Must use http discovery
[debug] [2026-02-07T13:53:46.896Z] Found firebase-functions binary at '/Users/sadanekdemir/src/sabbatical/hugging-app/functions/node_modules/.bin/firebase-functions'
[info] Serving at port 8848

[error] (node:48318) [DEP0040] DeprecationWarning: The `punycode` module is deprecated. Please use a userland alternative instead.
(Use `node --trace-deprecation ...` to show where the warning was created)

[debug] [2026-02-07T13:53:47.354Z] Got response from /__/functions.yaml {"endpoints":{"onHugCreated":{"availableMemoryMb":null,"timeoutSeconds":null,"minInstances":null,"maxInstances":10,"ingressSettings":null,"concurrency":null,"serviceAccountEmail":null,"vpc":null,"platform":"gcfv2","labels":{},"eventTrigger":{"eventType":"google.cloud.firestore.document.v1.created","eventFilters":{"database":"(default)","namespace":"(default)"},"eventFilterPathPatterns":{"document":"hugs/{hugId}"},"retry":false},"entryPoint":"onHugCreated"}},"specVersion":"v1alpha1","requiredAPIs":[],"extensions":{}}
[info] i  extensions: ensuring required API firebaseextensions.googleapis.com is enabled... 
[debug] [2026-02-07T13:53:51.376Z] > command requires scopes: ["email","openid","https://www.googleapis.com/auth/cloudplatformprojects.readonly","https://www.googleapis.com/auth/firebase","https://www.googleapis.com/auth/cloud-platform"]
[debug] [2026-02-07T13:53:51.376Z] > authorizing via signed-in user (sekdemir@gmail.com)
[debug] [2026-02-07T13:53:51.376Z] [iam] checking project hug-me-app-afb44 for permissions ["firebase.projects.get","firebaseextensions.instances.list"]
[debug] [2026-02-07T13:53:51.376Z] Checked if tokens are valid: true, expires at: 1770475026243
[debug] [2026-02-07T13:53:51.376Z] Checked if tokens are valid: true, expires at: 1770475026243
[debug] [2026-02-07T13:53:51.376Z] >>> [apiv2][query] POST https://cloudresourcemanager.googleapis.com/v1/projects/hug-me-app-afb44:testIamPermissions [none]
[debug] [2026-02-07T13:53:51.376Z] >>> [apiv2][(partial)header] POST https://cloudresourcemanager.googleapis.com/v1/projects/hug-me-app-afb44:testIamPermissions  x-goog-user-project=hug-me-app-afb44
[debug] [2026-02-07T13:53:51.376Z] >>> [apiv2][body] POST https://cloudresourcemanager.googleapis.com/v1/projects/hug-me-app-afb44:testIamPermissions {"permissions":["firebase.projects.get","firebaseextensions.instances.list"]}
[debug] [2026-02-07T13:53:52.180Z] <<< [apiv2][status] POST https://cloudresourcemanager.googleapis.com/v1/projects/hug-me-app-afb44:testIamPermissions 200
[debug] [2026-02-07T13:53:52.180Z] <<< [apiv2][body] POST https://cloudresourcemanager.googleapis.com/v1/projects/hug-me-app-afb44:testIamPermissions {"permissions":["firebase.projects.get","firebaseextensions.instances.list"]}
[debug] [2026-02-07T13:53:52.180Z] Checked if tokens are valid: true, expires at: 1770475026243
[debug] [2026-02-07T13:53:52.180Z] Checked if tokens are valid: true, expires at: 1770475026243
[debug] [2026-02-07T13:53:52.180Z] >>> [apiv2][query] GET https://firebaseextensions.googleapis.com/v1beta/projects/hug-me-app-afb44/instances pageSize=100&pageToken=
[debug] [2026-02-07T13:53:53.196Z] <<< [apiv2][status] GET https://firebaseextensions.googleapis.com/v1beta/projects/hug-me-app-afb44/instances 200
[debug] [2026-02-07T13:53:53.196Z] <<< [apiv2][body] GET https://firebaseextensions.googleapis.com/v1beta/projects/hug-me-app-afb44/instances {}
[info] i  functions: preparing functions directory for uploading... 
[info] i  functions: packaged /Users/sadanekdemir/src/sabbatical/hugging-app/functions (65.28 KB) for uploading 
[debug] [2026-02-07T13:53:53.225Z] Checked if tokens are valid: true, expires at: 1770475026243
[debug] [2026-02-07T13:53:53.225Z] Checked if tokens are valid: true, expires at: 1770475026243
[debug] [2026-02-07T13:53:53.225Z] >>> [apiv2][query] GET https://cloudfunctions.googleapis.com/v1/projects/hug-me-app-afb44/locations/-/functions [none]
[debug] [2026-02-07T13:53:53.959Z] <<< [apiv2][status] GET https://cloudfunctions.googleapis.com/v1/projects/hug-me-app-afb44/locations/-/functions 200
[debug] [2026-02-07T13:53:53.959Z] <<< [apiv2][body] GET https://cloudfunctions.googleapis.com/v1/projects/hug-me-app-afb44/locations/-/functions {}
[debug] [2026-02-07T13:53:53.959Z] Checked if tokens are valid: true, expires at: 1770475026243
[debug] [2026-02-07T13:53:53.959Z] Checked if tokens are valid: true, expires at: 1770475026243
[debug] [2026-02-07T13:53:53.959Z] >>> [apiv2][query] GET https://cloudfunctions.googleapis.com/v2/projects/hug-me-app-afb44/locations/-/functions filter=environment%3D%22GEN_2%22
[debug] [2026-02-07T13:53:54.934Z] <<< [apiv2][status] GET https://cloudfunctions.googleapis.com/v2/projects/hug-me-app-afb44/locations/-/functions 200
[debug] [2026-02-07T13:53:54.934Z] <<< [apiv2][body] GET https://cloudfunctions.googleapis.com/v2/projects/hug-me-app-afb44/locations/-/functions {}
[debug] [2026-02-07T13:53:54.935Z] Checked if tokens are valid: true, expires at: 1770475026243
[debug] [2026-02-07T13:53:54.935Z] Checked if tokens are valid: true, expires at: 1770475026243
[debug] [2026-02-07T13:53:54.935Z] >>> [apiv2][query] GET https://firestore.googleapis.com/v1/projects/hug-me-app-afb44/databases/(default) [none]
[debug] [2026-02-07T13:53:55.340Z] <<< [apiv2][status] GET https://firestore.googleapis.com/v1/projects/hug-me-app-afb44/databases/(default) 200
[debug] [2026-02-07T13:53:55.341Z] <<< [apiv2][body] GET https://firestore.googleapis.com/v1/projects/hug-me-app-afb44/databases/(default) {"name":"projects/hug-me-app-afb44/databases/(default)","uid":"1566a6f0-a96b-445a-8cd7-a975035a2562","createTime":"2026-02-04T01:36:45.978204Z","updateTime":"2026-02-04T01:36:45.978204Z","locationId":"eur3","type":"FIRESTORE_NATIVE","concurrencyMode":"PESSIMISTIC","versionRetentionPeriod":"3600s","earliestVersionTime":"2026-02-07T12:53:55.329044Z","appEngineIntegrationMode":"DISABLED","keyPrefix":"e","pointInTimeRecoveryEnablement":"POINT_IN_TIME_RECOVERY_DISABLED","deleteProtectionState":"DELETE_PROTECTION_DISABLED","databaseEdition":"STANDARD","freeTier":true,"realtimeUpdatesMode":"REALTIME_UPDATES_MODE_ENABLED","etag":"IOHM3uTDx5IDMPTMhvTavpID"}
[info] i  functions: ensuring required API run.googleapis.com is enabled... 
[info] i  functions: ensuring required API eventarc.googleapis.com is enabled... 
[info] i  functions: ensuring required API pubsub.googleapis.com is enabled... 
[info] i  functions: ensuring required API storage.googleapis.com is enabled... 
[info] i  functions: generating the service identity for pubsub.googleapis.com... 
[debug] [2026-02-07T13:53:55.344Z] Checked if tokens are valid: true, expires at: 1770475026243
[debug] [2026-02-07T13:53:55.345Z] Checked if tokens are valid: true, expires at: 1770475026243
[info] i  functions: generating the service identity for eventarc.googleapis.com... 
[debug] [2026-02-07T13:53:55.345Z] Checked if tokens are valid: true, expires at: 1770475026243
[debug] [2026-02-07T13:53:55.345Z] Checked if tokens are valid: true, expires at: 1770475026243
[debug] [2026-02-07T13:53:55.345Z] >>> [apiv2][query] POST https://serviceusage.googleapis.com/v1beta1/projects/150030020437/services/pubsub.googleapis.com:generateServiceIdentity [none]
[debug] [2026-02-07T13:53:55.345Z] >>> [apiv2][(partial)header] POST https://serviceusage.googleapis.com/v1beta1/projects/150030020437/services/pubsub.googleapis.com:generateServiceIdentity  x-goog-user-project=150030020437
[debug] [2026-02-07T13:53:55.345Z] >>> [apiv2][body] POST https://serviceusage.googleapis.com/v1beta1/projects/150030020437/services/pubsub.googleapis.com:generateServiceIdentity {}
[debug] [2026-02-07T13:53:55.345Z] >>> [apiv2][query] POST https://serviceusage.googleapis.com/v1beta1/projects/150030020437/services/eventarc.googleapis.com:generateServiceIdentity [none]
[debug] [2026-02-07T13:53:55.345Z] >>> [apiv2][(partial)header] POST https://serviceusage.googleapis.com/v1beta1/projects/150030020437/services/eventarc.googleapis.com:generateServiceIdentity  x-goog-user-project=150030020437
[debug] [2026-02-07T13:53:55.345Z] >>> [apiv2][body] POST https://serviceusage.googleapis.com/v1beta1/projects/150030020437/services/eventarc.googleapis.com:generateServiceIdentity {}
[debug] [2026-02-07T13:53:56.420Z] <<< [apiv2][status] POST https://serviceusage.googleapis.com/v1beta1/projects/150030020437/services/pubsub.googleapis.com:generateServiceIdentity 200
[debug] [2026-02-07T13:53:56.420Z] <<< [apiv2][body] POST https://serviceusage.googleapis.com/v1beta1/projects/150030020437/services/pubsub.googleapis.com:generateServiceIdentity {"name":"operations/finished.DONE_OPERATION","done":true,"response":{"@type":"type.googleapis.com/google.api.serviceusage.v1beta1.ServiceIdentity","email":"service-150030020437@gcp-sa-pubsub.iam.gserviceaccount.com","uniqueId":"114017874774072526532"}}
[debug] [2026-02-07T13:53:56.421Z] <<< [apiv2][status] POST https://serviceusage.googleapis.com/v1beta1/projects/150030020437/services/eventarc.googleapis.com:generateServiceIdentity 200
[debug] [2026-02-07T13:53:56.421Z] <<< [apiv2][body] POST https://serviceusage.googleapis.com/v1beta1/projects/150030020437/services/eventarc.googleapis.com:generateServiceIdentity {"name":"operations/finished.DONE_OPERATION","done":true,"response":{"@type":"type.googleapis.com/google.api.serviceusage.v1beta1.ServiceIdentity","email":"service-150030020437@gcp-sa-eventarc.iam.gserviceaccount.com","uniqueId":"115356265484754681204"}}
[debug] [2026-02-07T13:53:56.422Z] Checked if tokens are valid: true, expires at: 1770475026243
[debug] [2026-02-07T13:53:56.423Z] Checked if tokens are valid: true, expires at: 1770475026243
[debug] [2026-02-07T13:53:56.423Z] >>> [apiv2][query] GET https://compute.googleapis.com/compute/v1/projects/150030020437 [none]
[debug] [2026-02-07T13:53:57.319Z] <<< [apiv2][status] GET https://compute.googleapis.com/compute/v1/projects/150030020437 403
[debug] [2026-02-07T13:53:57.319Z] <<< [apiv2][body] GET https://compute.googleapis.com/compute/v1/projects/150030020437 {"error":{"code":403,"message":"Compute Engine API has not been used in project 150030020437 before or it is disabled. Enable it by visiting https://console.developers.google.com/apis/api/compute.googleapis.com/overview?project=150030020437 then retry. If you enabled this API recently, wait a few minutes for the action to propagate to our systems and retry.","errors":[{"message":"Compute Engine API has not been used in project 150030020437 before or it is disabled. Enable it by visiting https://console.developers.google.com/apis/api/compute.googleapis.com/overview?project=150030020437 then retry. If you enabled this API recently, wait a few minutes for the action to propagate to our systems and retry.","domain":"usageLimits","reason":"accessNotConfigured","extendedHelp":"https://console.developers.google.com"}],"status":"PERMISSION_DENIED","details":[{"@type":"type.googleapis.com/google.rpc.ErrorInfo","reason":"SERVICE_DISABLED","domain":"googleapis.com","metadata":{"activationUrl":"https://console.developers.google.com/apis/api/compute.googleapis.com/overview?project=150030020437","containerInfo":"150030020437","consumer":"projects/150030020437","serviceTitle":"Compute Engine API","service":"compute.googleapis.com"}},{"@type":"type.googleapis.com/google.rpc.LocalizedMessage","locale":"en-US","message":"Compute Engine API has not been used in project 150030020437 before or it is disabled. Enable it by visiting https://console.developers.google.com/apis/api/compute.googleapis.com/overview?project=150030020437 then retry. If you enabled this API recently, wait a few minutes for the action to propagate to our systems and retry."},{"@type":"type.googleapis.com/google.rpc.Help","links":[{"description":"Google developers console API activation","url":"https://console.developers.google.com/apis/api/compute.googleapis.com/overview?project=150030020437"}]}]}}
[debug] [2026-02-07T13:53:57.320Z] unable to look up default compute service account. Falling back to 150030020437-compute@developer.gserviceaccount.com. Error: {"name":"FirebaseError","children":[],"context":{"body":{"error":{"code":403,"message":"Compute Engine API has not been used in project 150030020437 before or it is disabled. Enable it by visiting https://console.developers.google.com/apis/api/compute.googleapis.com/overview?project=150030020437 then retry. If you enabled this API recently, wait a few minutes for the action to propagate to our systems and retry.","errors":[{"message":"Compute Engine API has not been used in project 150030020437 before or it is disabled. Enable it by visiting https://console.developers.google.com/apis/api/compute.googleapis.com/overview?project=150030020437 then retry. If you enabled this API recently, wait a few minutes for the action to propagate to our systems and retry.","domain":"usageLimits","reason":"accessNotConfigured","extendedHelp":"https://console.developers.google.com"}],"status":"PERMISSION_DENIED","details":[{"@type":"type.googleapis.com/google.rpc.ErrorInfo","reason":"SERVICE_DISABLED","domain":"googleapis.com","metadata":{"activationUrl":"https://console.developers.google.com/apis/api/compute.googleapis.com/overview?project=150030020437","containerInfo":"150030020437","consumer":"projects/150030020437","serviceTitle":"Compute Engine API","service":"compute.googleapis.com"}},{"@type":"type.googleapis.com/google.rpc.LocalizedMessage","locale":"en-US","message":"Compute Engine API has not been used in project 150030020437 before or it is disabled. Enable it by visiting https://console.developers.google.com/apis/api/compute.googleapis.com/overview?project=150030020437 then retry. If you enabled this API recently, wait a few minutes for the action to propagate to our systems and retry."},{"@type":"type.googleapis.com/google.rpc.Help","links":[{"description":"Google developers console API activation","url":"https://console.developers.google.com/apis/api/compute.googleapis.com/overview?project=150030020437"}]}]}},"response":{"statusCode":403}},"exit":1,"message":"Request to https://compute.googleapis.com/compute/v1/projects/150030020437 had HTTP Error: 403, Compute Engine API has not been used in project 150030020437 before or it is disabled. Enable it by visiting https://console.developers.google.com/apis/api/compute.googleapis.com/overview?project=150030020437 then retry. If you enabled this API recently, wait a few minutes for the action to propagate to our systems and retry.","status":403}
[debug] [2026-02-07T13:53:57.320Z] Checked if tokens are valid: true, expires at: 1770475026243
[debug] [2026-02-07T13:53:57.320Z] Checked if tokens are valid: true, expires at: 1770475026243
[debug] [2026-02-07T13:53:57.320Z] >>> [apiv2][query] POST https://cloudresourcemanager.googleapis.com/v1/projects/150030020437:getIamPolicy [none]
[debug] [2026-02-07T13:53:58.205Z] <<< [apiv2][status] POST https://cloudresourcemanager.googleapis.com/v1/projects/150030020437:getIamPolicy 200
[debug] [2026-02-07T13:53:58.205Z] <<< [apiv2][body] POST https://cloudresourcemanager.googleapis.com/v1/projects/150030020437:getIamPolicy {"version":1,"etag":"BwZKPB6b4Lc=","bindings":[{"role":"roles/cloudbuild.builds.builder","members":["serviceAccount:150030020437@cloudbuild.gserviceaccount.com"]},{"role":"roles/cloudbuild.serviceAgent","members":["serviceAccount:service-150030020437@gcp-sa-cloudbuild.iam.gserviceaccount.com"]},{"role":"roles/cloudfunctions.serviceAgent","members":["serviceAccount:service-150030020437@gcf-admin-robot.iam.gserviceaccount.com"]},{"role":"roles/containerregistry.ServiceAgent","members":["serviceAccount:service-150030020437@containerregistry.iam.gserviceaccount.com"]},{"role":"roles/editor","members":["serviceAccount:150030020437@cloudservices.gserviceaccount.com","serviceAccount:hug-me-app-afb44@appspot.gserviceaccount.com","serviceAccount:150030020437-compute@developer.gserviceaccount.com"]},{"role":"roles/firebase.managementServiceAgent","members":["serviceAccount:service-150030020437@gcp-sa-firebase.iam.gserviceaccount.com"]},{"role":"roles/firebase.sdkAdminServiceAgent","members":["serviceAccount:firebase-adminsdk-fbsvc@hug-me-app-afb44.iam.gserviceaccount.com"]},{"role":"roles/firebaseauth.admin","members":["serviceAccount:firebase-adminsdk-fbsvc@hug-me-app-afb44.iam.gserviceaccount.com"]},{"role":"roles/firebasemods.serviceAgent","members":["serviceAccount:service-150030020437@gcp-sa-firebasemods.iam.gserviceaccount.com"]},{"role":"roles/firebaserules.system","members":["serviceAccount:service-150030020437@firebase-rules.iam.gserviceaccount.com"]},{"role":"roles/firestore.serviceAgent","members":["serviceAccount:service-150030020437@gcp-sa-firestore.iam.gserviceaccount.com"]},{"role":"roles/iam.serviceAccountTokenCreator","members":["serviceAccount:firebase-adminsdk-fbsvc@hug-me-app-afb44.iam.gserviceaccount.com"]},{"role":"roles/owner","members":["user:sekdemir@gmail.com"]},{"role":"roles/run.serviceAgent","members":["serviceAccount:service-150030020437@serverless-robot-prod.iam.gserviceaccount.com"]}]}
[debug] [2026-02-07T13:53:58.206Z] Checked if tokens are valid: true, expires at: 1770475026243
[debug] [2026-02-07T13:53:58.206Z] Checked if tokens are valid: true, expires at: 1770475026243
[debug] [2026-02-07T13:53:58.206Z] >>> [apiv2][query] POST https://cloudresourcemanager.googleapis.com/v1/projects/150030020437:setIamPolicy [none]
[debug] [2026-02-07T13:53:58.206Z] >>> [apiv2][body] POST https://cloudresourcemanager.googleapis.com/v1/projects/150030020437:setIamPolicy {"policy":{"version":1,"etag":"BwZKPB6b4Lc=","bindings":[{"role":"roles/cloudbuild.builds.builder","members":["serviceAccount:150030020437@cloudbuild.gserviceaccount.com"]},{"role":"roles/cloudbuild.serviceAgent","members":["serviceAccount:service-150030020437@gcp-sa-cloudbuild.iam.gserviceaccount.com"]},{"role":"roles/cloudfunctions.serviceAgent","members":["serviceAccount:service-150030020437@gcf-admin-robot.iam.gserviceaccount.com"]},{"role":"roles/containerregistry.ServiceAgent","members":["serviceAccount:service-150030020437@containerregistry.iam.gserviceaccount.com"]},{"role":"roles/editor","members":["serviceAccount:150030020437@cloudservices.gserviceaccount.com","serviceAccount:hug-me-app-afb44@appspot.gserviceaccount.com","serviceAccount:150030020437-compute@developer.gserviceaccount.com"]},{"role":"roles/firebase.managementServiceAgent","members":["serviceAccount:service-150030020437@gcp-sa-firebase.iam.gserviceaccount.com"]},{"role":"roles/firebase.sdkAdminServiceAgent","members":["serviceAccount:firebase-adminsdk-fbsvc@hug-me-app-afb44.iam.gserviceaccount.com"]},{"role":"roles/firebaseauth.admin","members":["serviceAccount:firebase-adminsdk-fbsvc@hug-me-app-afb44.iam.gserviceaccount.com"]},{"role":"roles/firebasemods.serviceAgent","members":["serviceAccount:service-150030020437@gcp-sa-firebasemods.iam.gserviceaccount.com"]},{"role":"roles/firebaserules.system","members":["serviceAccount:service-150030020437@firebase-rules.iam.gserviceaccount.com"]},{"role":"roles/firestore.serviceAgent","members":["serviceAccount:service-150030020437@gcp-sa-firestore.iam.gserviceaccount.com"]},{"role":"roles/iam.serviceAccountTokenCreator","members":["serviceAccount:firebase-adminsdk-fbsvc@hug-me-app-afb44.iam.gserviceaccount.com","serviceAccount:service-150030020437@gcp-sa-pubsub.iam.gserviceaccount.com"]},{"role":"roles/owner","members":["user:sekdemir@gmail.com"]},{"role":"roles/run.serviceAgent","members":["serviceAccount:service-150030020437@serverless-robot-prod.iam.gserviceaccount.com"]},{"role":"roles/run.invoker","members":["serviceAccount:150030020437-compute@developer.gserviceaccount.com"]},{"role":"roles/eventarc.eventReceiver","members":["serviceAccount:150030020437-compute@developer.gserviceaccount.com"]}]},"updateMask":"bindings"}
[debug] [2026-02-07T13:53:59.011Z] <<< [apiv2][status] POST https://cloudresourcemanager.googleapis.com/v1/projects/150030020437:setIamPolicy 200
[debug] [2026-02-07T13:53:59.011Z] <<< [apiv2][body] POST https://cloudresourcemanager.googleapis.com/v1/projects/150030020437:setIamPolicy {"version":1,"etag":"BwZKPDzPPYQ=","bindings":[{"role":"roles/cloudbuild.builds.builder","members":["serviceAccount:150030020437@cloudbuild.gserviceaccount.com"]},{"role":"roles/cloudbuild.serviceAgent","members":["serviceAccount:service-150030020437@gcp-sa-cloudbuild.iam.gserviceaccount.com"]},{"role":"roles/cloudfunctions.serviceAgent","members":["serviceAccount:service-150030020437@gcf-admin-robot.iam.gserviceaccount.com"]},{"role":"roles/containerregistry.ServiceAgent","members":["serviceAccount:service-150030020437@containerregistry.iam.gserviceaccount.com"]},{"role":"roles/editor","members":["serviceAccount:150030020437-compute@developer.gserviceaccount.com","serviceAccount:150030020437@cloudservices.gserviceaccount.com","serviceAccount:hug-me-app-afb44@appspot.gserviceaccount.com"]},{"role":"roles/eventarc.eventReceiver","members":["serviceAccount:150030020437-compute@developer.gserviceaccount.com"]},{"role":"roles/firebase.managementServiceAgent","members":["serviceAccount:service-150030020437@gcp-sa-firebase.iam.gserviceaccount.com"]},{"role":"roles/firebase.sdkAdminServiceAgent","members":["serviceAccount:firebase-adminsdk-fbsvc@hug-me-app-afb44.iam.gserviceaccount.com"]},{"role":"roles/firebaseauth.admin","members":["serviceAccount:firebase-adminsdk-fbsvc@hug-me-app-afb44.iam.gserviceaccount.com"]},{"role":"roles/firebasemods.serviceAgent","members":["serviceAccount:service-150030020437@gcp-sa-firebasemods.iam.gserviceaccount.com"]},{"role":"roles/firebaserules.system","members":["serviceAccount:service-150030020437@firebase-rules.iam.gserviceaccount.com"]},{"role":"roles/firestore.serviceAgent","members":["serviceAccount:service-150030020437@gcp-sa-firestore.iam.gserviceaccount.com"]},{"role":"roles/iam.serviceAccountTokenCreator","members":["serviceAccount:firebase-adminsdk-fbsvc@hug-me-app-afb44.iam.gserviceaccount.com","serviceAccount:service-150030020437@gcp-sa-pubsub.iam.gserviceaccount.com"]},{"role":"roles/owner","members":["user:sekdemir@gmail.com"]},{"role":"roles/run.invoker","members":["serviceAccount:150030020437-compute@developer.gserviceaccount.com"]},{"role":"roles/run.serviceAgent","members":["serviceAccount:service-150030020437@serverless-robot-prod.iam.gserviceaccount.com"]}]}
[debug] [2026-02-07T13:53:59.014Z] Checked if tokens are valid: true, expires at: 1770475026243
[debug] [2026-02-07T13:53:59.014Z] Checked if tokens are valid: true, expires at: 1770475026243
[debug] [2026-02-07T13:53:59.014Z] >>> [apiv2][query] GET https://cloudresourcemanager.googleapis.com/v1/projects/hug-me-app-afb44 [none]
[debug] [2026-02-07T13:53:59.236Z] <<< [apiv2][status] GET https://cloudresourcemanager.googleapis.com/v1/projects/hug-me-app-afb44 200
[debug] [2026-02-07T13:53:59.236Z] <<< [apiv2][body] GET https://cloudresourcemanager.googleapis.com/v1/projects/hug-me-app-afb44 {"projectNumber":"150030020437","projectId":"hug-me-app-afb44","lifecycleState":"ACTIVE","name":"hug-me-app","labels":{"firebase":"enabled","firebase-core":"disabled"},"createTime":"2026-02-04T01:35:26.347713Z"}
[debug] [2026-02-07T13:53:59.237Z] Checked if tokens are valid: true, expires at: 1770475026243
[debug] [2026-02-07T13:53:59.237Z] Checked if tokens are valid: true, expires at: 1770475026243
[debug] [2026-02-07T13:53:59.237Z] >>> [apiv2][query] GET https://compute.googleapis.com/compute/v1/projects/150030020437 [none]
[debug] [2026-02-07T13:54:00.011Z] <<< [apiv2][status] GET https://compute.googleapis.com/compute/v1/projects/150030020437 403
[debug] [2026-02-07T13:54:00.011Z] <<< [apiv2][body] GET https://compute.googleapis.com/compute/v1/projects/150030020437 {"error":{"code":403,"message":"Compute Engine API has not been used in project 150030020437 before or it is disabled. Enable it by visiting https://console.developers.google.com/apis/api/compute.googleapis.com/overview?project=150030020437 then retry. If you enabled this API recently, wait a few minutes for the action to propagate to our systems and retry.","errors":[{"message":"Compute Engine API has not been used in project 150030020437 before or it is disabled. Enable it by visiting https://console.developers.google.com/apis/api/compute.googleapis.com/overview?project=150030020437 then retry. If you enabled this API recently, wait a few minutes for the action to propagate to our systems and retry.","domain":"usageLimits","reason":"accessNotConfigured","extendedHelp":"https://console.developers.google.com"}],"status":"PERMISSION_DENIED","details":[{"@type":"type.googleapis.com/google.rpc.ErrorInfo","reason":"SERVICE_DISABLED","domain":"googleapis.com","metadata":{"service":"compute.googleapis.com","serviceTitle":"Compute Engine API","containerInfo":"150030020437","consumer":"projects/150030020437","activationUrl":"https://console.developers.google.com/apis/api/compute.googleapis.com/overview?project=150030020437"}},{"@type":"type.googleapis.com/google.rpc.LocalizedMessage","locale":"en-US","message":"Compute Engine API has not been used in project 150030020437 before or it is disabled. Enable it by visiting https://console.developers.google.com/apis/api/compute.googleapis.com/overview?project=150030020437 then retry. If you enabled this API recently, wait a few minutes for the action to propagate to our systems and retry."},{"@type":"type.googleapis.com/google.rpc.Help","links":[{"description":"Google developers console API activation","url":"https://console.developers.google.com/apis/api/compute.googleapis.com/overview?project=150030020437"}]}]}}
[debug] [2026-02-07T13:54:00.011Z] unable to look up default compute service account. Falling back to 150030020437-compute@developer.gserviceaccount.com. Error: {"name":"FirebaseError","children":[],"context":{"body":{"error":{"code":403,"message":"Compute Engine API has not been used in project 150030020437 before or it is disabled. Enable it by visiting https://console.developers.google.com/apis/api/compute.googleapis.com/overview?project=150030020437 then retry. If you enabled this API recently, wait a few minutes for the action to propagate to our systems and retry.","errors":[{"message":"Compute Engine API has not been used in project 150030020437 before or it is disabled. Enable it by visiting https://console.developers.google.com/apis/api/compute.googleapis.com/overview?project=150030020437 then retry. If you enabled this API recently, wait a few minutes for the action to propagate to our systems and retry.","domain":"usageLimits","reason":"accessNotConfigured","extendedHelp":"https://console.developers.google.com"}],"status":"PERMISSION_DENIED","details":[{"@type":"type.googleapis.com/google.rpc.ErrorInfo","reason":"SERVICE_DISABLED","domain":"googleapis.com","metadata":{"service":"compute.googleapis.com","serviceTitle":"Compute Engine API","containerInfo":"150030020437","consumer":"projects/150030020437","activationUrl":"https://console.developers.google.com/apis/api/compute.googleapis.com/overview?project=150030020437"}},{"@type":"type.googleapis.com/google.rpc.LocalizedMessage","locale":"en-US","message":"Compute Engine API has not been used in project 150030020437 before or it is disabled. Enable it by visiting https://console.developers.google.com/apis/api/compute.googleapis.com/overview?project=150030020437 then retry. If you enabled this API recently, wait a few minutes for the action to propagate to our systems and retry."},{"@type":"type.googleapis.com/google.rpc.Help","links":[{"description":"Google developers console API activation","url":"https://console.developers.google.com/apis/api/compute.googleapis.com/overview?project=150030020437"}]}]}},"response":{"statusCode":403}},"exit":1,"message":"Request to https://compute.googleapis.com/compute/v1/projects/150030020437 had HTTP Error: 403, Compute Engine API has not been used in project 150030020437 before or it is disabled. Enable it by visiting https://console.developers.google.com/apis/api/compute.googleapis.com/overview?project=150030020437 then retry. If you enabled this API recently, wait a few minutes for the action to propagate to our systems and retry.","status":403}
[debug] [2026-02-07T13:54:00.012Z] Checked if tokens are valid: true, expires at: 1770475026243
[debug] [2026-02-07T13:54:00.012Z] Checked if tokens are valid: true, expires at: 1770475026243
[debug] [2026-02-07T13:54:00.012Z] >>> [apiv2][query] GET https://cloudbilling.googleapis.com/v1/projects/hug-me-app-afb44/billingInfo [none]
[debug] [2026-02-07T13:54:00.855Z] <<< [apiv2][status] GET https://cloudbilling.googleapis.com/v1/projects/hug-me-app-afb44/billingInfo 200
[debug] [2026-02-07T13:54:00.855Z] <<< [apiv2][body] GET https://cloudbilling.googleapis.com/v1/projects/hug-me-app-afb44/billingInfo {"name":"projects/hug-me-app-afb44/billingInfo","projectId":"hug-me-app-afb44","billingAccountName":"billingAccounts/01A021-045AFE-BFD6AB","billingEnabled":true}
[debug] [2026-02-07T13:54:00.856Z] Checked if tokens are valid: true, expires at: 1770475026243
[debug] [2026-02-07T13:54:00.856Z] Checked if tokens are valid: true, expires at: 1770475026243
[debug] [2026-02-07T13:54:00.856Z] >>> [apiv2][query] POST https://cloudfunctions.googleapis.com/v2/projects/hug-me-app-afb44/locations/us-central1/functions:generateUploadUrl [none]
[debug] [2026-02-07T13:54:02.926Z] <<< [apiv2][status] POST https://cloudfunctions.googleapis.com/v2/projects/hug-me-app-afb44/locations/us-central1/functions:generateUploadUrl 200
[debug] [2026-02-07T13:54:02.926Z] <<< [apiv2][body] POST https://cloudfunctions.googleapis.com/v2/projects/hug-me-app-afb44/locations/us-central1/functions:generateUploadUrl {"uploadUrl":"https://storage.googleapis.com/gcf-v2-uploads-150030020437.us-central1.cloudfunctions.appspot.com/e284a9ba-2d8e-4cbd-9a59-6e9e42c339d7.zip?GoogleAccessId=service-150030020437@gcf-admin-robot.iam.gserviceaccount.com&Expires=1770474242&Signature=FgQZOZlwFcJzUl4L0amHBWvdGR8z%2BvUaEZuzzwc1pF0V6GZ9P9nXqfaEpyoGPoZbGtqtf%2B1BQ2rywi1v4e43dZLXjqVdLzI%2FpVddUJel8TJ%2B73v9y%2BK2Xro858KXc58gLOC3lElCJJXCNhJU1uCA8tTcqrFL5HW6BBzQaWJAV4iMI9sWyOjL5tj0YTptpvYP91RkkTRc5afxweXbT3ho58kMG7Hl62CnJGgAow3OWfWBftRMdzgmp8s8N8lEnmoe%2Fo8hQFpQk1xeT9rEkjZTkalt7uX%2Fx32hpDEElbkKFAAFK2VgBoPHmECMwqiNK7uoUqJKnfZ2ZU1WGrzAI6w1Ww%3D%3D","storageSource":{"bucket":"gcf-v2-uploads-150030020437.us-central1.cloudfunctions.appspot.com","object":"e284a9ba-2d8e-4cbd-9a59-6e9e42c339d7.zip"}}
[debug] [2026-02-07T13:54:02.928Z] >>> [apiv2][query] PUT https://storage.googleapis.com/gcf-v2-uploads-150030020437.us-central1.cloudfunctions.appspot.com/e284a9ba-2d8e-4cbd-9a59-6e9e42c339d7.zip GoogleAccessId=service-150030020437%40gcf-admin-robot.iam.gserviceaccount.com&Expires=1770474242&Signature=FgQZOZlwFcJzUl4L0amHBWvdGR8z%2BvUaEZuzzwc1pF0V6GZ9P9nXqfaEpyoGPoZbGtqtf%2B1BQ2rywi1v4e43dZLXjqVdLzI%2FpVddUJel8TJ%2B73v9y%2BK2Xro858KXc58gLOC3lElCJJXCNhJU1uCA8tTcqrFL5HW6BBzQaWJAV4iMI9sWyOjL5tj0YTptpvYP91RkkTRc5afxweXbT3ho58kMG7Hl62CnJGgAow3OWfWBftRMdzgmp8s8N8lEnmoe%2Fo8hQFpQk1xeT9rEkjZTkalt7uX%2Fx32hpDEElbkKFAAFK2VgBoPHmECMwqiNK7uoUqJKnfZ2ZU1WGrzAI6w1Ww%3D%3D
[debug] [2026-02-07T13:54:02.928Z] >>> [apiv2][body] PUT https://storage.googleapis.com/gcf-v2-uploads-150030020437.us-central1.cloudfunctions.appspot.com/e284a9ba-2d8e-4cbd-9a59-6e9e42c339d7.zip [stream]
[debug] [2026-02-07T13:54:03.747Z] <<< [apiv2][status] PUT https://storage.googleapis.com/gcf-v2-uploads-150030020437.us-central1.cloudfunctions.appspot.com/e284a9ba-2d8e-4cbd-9a59-6e9e42c339d7.zip 200
[debug] [2026-02-07T13:54:03.747Z] <<< [apiv2][body] PUT https://storage.googleapis.com/gcf-v2-uploads-150030020437.us-central1.cloudfunctions.appspot.com/e284a9ba-2d8e-4cbd-9a59-6e9e42c339d7.zip [omitted]
[info] ✔  functions: functions source uploaded successfully 
[info] i  functions: creating Node.js 24 (2nd Gen) function onHugCreated(us-central1)... 
[debug] [2026-02-07T13:54:03.758Z] Checked if tokens are valid: true, expires at: 1770475026243
[debug] [2026-02-07T13:54:03.758Z] Checked if tokens are valid: true, expires at: 1770475026243
[debug] [2026-02-07T13:54:03.758Z] >>> [apiv2][query] POST https://cloudfunctions.googleapis.com/v2/projects/hug-me-app-afb44/locations/us-central1/functions functionId=onHugCreated
[debug] [2026-02-07T13:54:03.758Z] >>> [apiv2][body] POST https://cloudfunctions.googleapis.com/v2/projects/hug-me-app-afb44/locations/us-central1/functions {"name":"projects/hug-me-app-afb44/locations/us-central1/functions/onHugCreated","buildConfig":{"runtime":"nodejs24","entryPoint":"onHugCreated","source":{"storageSource":{"bucket":"gcf-v2-uploads-150030020437.us-central1.cloudfunctions.appspot.com","object":"e284a9ba-2d8e-4cbd-9a59-6e9e42c339d7.zip"}},"environmentVariables":{"GOOGLE_NODE_RUN_SCRIPTS":""}},"serviceConfig":{"environmentVariables":{"FIREBASE_CONFIG":"{\"projectId\":\"hug-me-app-afb44\",\"storageBucket\":\"hug-me-app-afb44.firebasestorage.app\"}","GCLOUD_PROJECT":"hug-me-app-afb44","EVENTARC_CLOUD_EVENT_SOURCE":"projects/hug-me-app-afb44/locations/us-central1/services/onHugCreated","FUNCTION_SIGNATURE_TYPE":"cloudevent","FUNCTION_TARGET":"onHugCreated","LOG_EXECUTION_ID":"true"},"ingressSettings":null,"timeoutSeconds":null,"serviceAccountEmail":null,"availableMemory":"256Mi","minInstanceCount":null,"maxInstanceCount":10,"maxInstanceRequestConcurrency":80,"availableCpu":"1","vpcConnector":null,"vpcConnectorEgressSettings":null},"labels":{"deployment-tool":"cli-firebase","firebase-functions-hash":"2a7cb8634e22f3a095dc75fc2ac3d602fcf14482"},"eventTrigger":{"eventType":"google.cloud.firestore.document.v1.created","retryPolicy":"RETRY_POLICY_DO_NOT_RETRY","eventFilters":[{"attribute":"database","value":"(default)"},{"attribute":"namespace","value":"(default)"},{"attribute":"document","value":"hugs/{hugId}","operator":"match-path-pattern"}],"triggerRegion":"eur3"}}
[debug] [2026-02-07T13:54:21.021Z] <<< [apiv2][status] POST https://cloudfunctions.googleapis.com/v2/projects/hug-me-app-afb44/locations/us-central1/functions 400
[debug] [2026-02-07T13:54:21.021Z] <<< [apiv2][body] POST https://cloudfunctions.googleapis.com/v2/projects/hug-me-app-afb44/locations/us-central1/functions {"error":{"code":400,"message":"Validation failed for trigger projects/hug-me-app-afb44/locations/eur3/triggers/onhugcreated-622655: Invalid resource state for \"\": Permission denied while using the Eventarc Service Agent. If you recently started to use Eventarc, it may take a few minutes before all necessary permissions are propagated to the Service Agent. Otherwise, verify that it has Eventarc Service Agent role.","status":"FAILED_PRECONDITION"}}
[warn] ⚠  functions: Request to https://cloudfunctions.googleapis.com/v2/projects/hug-me-app-afb44/locations/us-central1/functions?functionId=onHugCreated had HTTP Error: 400, Validation failed for trigger projects/hug-me-app-afb44/locations/eur3/triggers/onhugcreated-622655: Invalid resource state for "": Permission denied while using the Eventarc Service Agent. If you recently started to use Eventarc, it may take a few minutes before all necessary permissions are propagated to the Service Agent. Otherwise, verify that it has Eventarc Service Agent role. 
[warn] ⚠  functions: Since this is your first time using 2nd gen functions, we need a little bit longer to finish setting everything up. Retry the deployment in a few minutes. 
[warn] ⚠  functions:  failed to create function projects/hug-me-app-afb44/locations/us-central1/functions/onHugCreated 
[error] Failed to create function projects/hug-me-app-afb44/locations/us-central1/functions/onHugCreated
[debug] [2026-02-07T13:54:21.026Z] Total Function Deployment time: 17268
[debug] [2026-02-07T13:54:21.026Z] 1 Functions Deployed
[debug] [2026-02-07T13:54:21.026Z] 1 Functions Errored
[debug] [2026-02-07T13:54:21.026Z] 0 Function Deployments Aborted
[debug] [2026-02-07T13:54:21.027Z] Average Function Deployment time: 17267
[info] 
[info] Functions deploy had errors with the following functions:
	onHugCreated(us-central1)
[debug] [2026-02-07T13:54:21.257Z] Checked if tokens are valid: true, expires at: 1770475026243
[debug] [2026-02-07T13:54:21.257Z] Checked if tokens are valid: true, expires at: 1770475026243
[debug] [2026-02-07T13:54:21.257Z] >>> [apiv2][query] GET https://artifactregistry.googleapis.com/v1/projects/hug-me-app-afb44/locations/us-central1/repositories/gcf-artifacts [none]
[debug] [2026-02-07T13:54:22.163Z] <<< [apiv2][status] GET https://artifactregistry.googleapis.com/v1/projects/hug-me-app-afb44/locations/us-central1/repositories/gcf-artifacts 404
[debug] [2026-02-07T13:54:22.163Z] <<< [apiv2][body] GET https://artifactregistry.googleapis.com/v1/projects/hug-me-app-afb44/locations/us-central1/repositories/gcf-artifacts {"error":{"code":404,"message":"Requested entity was not found.","status":"NOT_FOUND"}}
[debug] [2026-02-07T13:54:22.163Z] Failed to check artifact cleanup policy for region us-central1: Request to https://artifactregistry.googleapis.com/v1/projects/hug-me-app-afb44/locations/us-central1/repositories/gcf-artifacts had HTTP Error: 404, Requested entity was not found. {"name":"FirebaseError","children":[],"context":{"body":{"error":{"code":404,"message":"Requested entity was not found.","status":"NOT_FOUND"}},"response":{"statusCode":404}},"exit":1,"message":"Request to https://artifactregistry.googleapis.com/v1/projects/hug-me-app-afb44/locations/us-central1/repositories/gcf-artifacts had HTTP Error: 404, Requested entity was not found.","status":404}
[debug] [2026-02-07T13:54:22.164Z] Functions deploy failed.
[debug] [2026-02-07T13:54:22.164Z] {
  "endpoint": {
    "id": "onHugCreated",
    "project": "hug-me-app-afb44",
    "region": "us-central1",
    "entryPoint": "onHugCreated",
    "platform": "gcfv2",
    "runtime": "nodejs24",
    "eventTrigger": {
      "eventType": "google.cloud.firestore.document.v1.created",
      "retry": false,
      "eventFilters": {
        "database": "(default)",
        "namespace": "(default)"
      },
      "eventFilterPathPatterns": {
        "document": "hugs/{hugId}"
      },
      "region": "eur3"
    },
    "labels": {
      "deployment-tool": "cli-firebase"
    },
    "serviceAccount": null,
    "ingressSettings": null,
    "availableMemoryMb": null,
    "timeoutSeconds": null,
    "maxInstances": 10,
    "minInstances": null,
    "concurrency": 80,
    "vpc": null,
    "environmentVariables": {
      "FIREBASE_CONFIG": "{\"projectId\":\"hug-me-app-afb44\",\"storageBucket\":\"hug-me-app-afb44.firebasestorage.app\"}",
      "GCLOUD_PROJECT": "hug-me-app-afb44",
      "EVENTARC_CLOUD_EVENT_SOURCE": "projects/hug-me-app-afb44/locations/us-central1/services/onHugCreated"
    },
    "codebase": "default",
    "cpu": 1,
    "targetedByOnly": false,
    "hash": "2a7cb8634e22f3a095dc75fc2ac3d602fcf14482"
  },
  "op": "create",
  "original": {
    "name": "FirebaseError",
    "children": [],
    "context": {
      "function": "projects/hug-me-app-afb44/locations/us-central1/functions/onHugCreated"
    },
    "exit": 1,
    "message": "Failed to create function projects/hug-me-app-afb44/locations/us-central1/functions/onHugCreated",
    "original": {
      "name": "FirebaseError",
      "children": [],
      "context": {
        "body": {
          "error": {
            "code": 400,
            "message": "Validation failed for trigger projects/hug-me-app-afb44/locations/eur3/triggers/onhugcreated-622655: Invalid resource state for \"\": Permission denied while using the Eventarc Service Agent. If you recently started to use Eventarc, it may take a few minutes before all necessary permissions are propagated to the Service Agent. Otherwise, verify that it has Eventarc Service Agent role.",
            "status": "FAILED_PRECONDITION"
          }
        },
        "response": {
          "statusCode": 400
        }
      },
      "exit": 1,
      "message": "Request to https://cloudfunctions.googleapis.com/v2/projects/hug-me-app-afb44/locations/us-central1/functions?functionId=onHugCreated had HTTP Error: 400, Validation failed for trigger projects/hug-me-app-afb44/locations/eur3/triggers/onhugcreated-622655: Invalid resource state for \"\": Permission denied while using the Eventarc Service Agent. If you recently started to use Eventarc, it may take a few minutes before all necessary permissions are propagated to the Service Agent. Otherwise, verify that it has Eventarc Service Agent role.",
      "status": 400
    },
    "status": 400,
    "code": 400
  }
}
[debug] [2026-02-07T13:54:22.228Z] Error: Failed to create function onHugCreated in region us-central1
    at /Users/sadanekdemir/.nvm/versions/node/v25.4.0/lib/node_modules/firebase-tools/lib/deploy/functions/release/fabricator.js:319:27
    at process.processTicksAndRejections (node:internal/process/task_queues:104:5)
    at async Fabricator.createV2Function (/Users/sadanekdemir/.nvm/versions/node/v25.4.0/lib/node_modules/firebase-tools/lib/deploy/functions/release/fabricator.js:298:30)
    at async Fabricator.createEndpoint (/Users/sadanekdemir/.nvm/versions/node/v25.4.0/lib/node_modules/firebase-tools/lib/deploy/functions/release/fabricator.js:138:13)
    at async handle (/Users/sadanekdemir/.nvm/versions/node/v25.4.0/lib/node_modules/firebase-tools/lib/deploy/functions/release/fabricator.js:90:17)
[error] 
[error] Error: There was an error deploying functions
[debug] [2026-02-07T13:55:06.576Z] ----------------------------------------------------------------------
[debug] [2026-02-07T13:55:06.583Z] Command:       /Users/sadanekdemir/.nvm/versions/node/v25.4.0/bin/node /Users/sadanekdemir/.nvm/versions/node/v25.4.0/bin/firebase deploy --only functions
[debug] [2026-02-07T13:55:06.583Z] CLI Version:   15.5.1
[debug] [2026-02-07T13:55:06.583Z] Platform:      darwin
[debug] [2026-02-07T13:55:06.583Z] Node Version:  v25.4.0
[debug] [2026-02-07T13:55:06.583Z] Time:          Sat Feb 07 2026 12:55:06 GMT-0100 (Azores Standard Time)
[debug] [2026-02-07T13:55:06.583Z] ----------------------------------------------------------------------
[debug] 
[debug] [2026-02-07T13:55:07.452Z] > command requires scopes: ["email","openid","https://www.googleapis.com/auth/cloudplatformprojects.readonly","https://www.googleapis.com/auth/firebase","https://www.googleapis.com/auth/cloud-platform"]
[debug] [2026-02-07T13:55:07.452Z] > authorizing via signed-in user (sekdemir@gmail.com)
[debug] [2026-02-07T13:55:07.452Z] [iam] checking project hug-me-app-afb44 for permissions ["cloudfunctions.functions.create","cloudfunctions.functions.delete","cloudfunctions.functions.get","cloudfunctions.functions.list","cloudfunctions.functions.update","cloudfunctions.operations.get","firebase.projects.get"]
[debug] [2026-02-07T13:55:07.453Z] Checked if tokens are valid: true, expires at: 1770475026243
[debug] [2026-02-07T13:55:07.453Z] Checked if tokens are valid: true, expires at: 1770475026243
[debug] [2026-02-07T13:55:07.453Z] >>> [apiv2][query] POST https://cloudresourcemanager.googleapis.com/v1/projects/hug-me-app-afb44:testIamPermissions [none]
[debug] [2026-02-07T13:55:07.454Z] >>> [apiv2][(partial)header] POST https://cloudresourcemanager.googleapis.com/v1/projects/hug-me-app-afb44:testIamPermissions  x-goog-user-project=hug-me-app-afb44
[debug] [2026-02-07T13:55:07.454Z] >>> [apiv2][body] POST https://cloudresourcemanager.googleapis.com/v1/projects/hug-me-app-afb44:testIamPermissions {"permissions":["cloudfunctions.functions.create","cloudfunctions.functions.delete","cloudfunctions.functions.get","cloudfunctions.functions.list","cloudfunctions.functions.update","cloudfunctions.operations.get","firebase.projects.get"]}
[debug] [2026-02-07T13:55:08.233Z] <<< [apiv2][status] POST https://cloudresourcemanager.googleapis.com/v1/projects/hug-me-app-afb44:testIamPermissions 200
[debug] [2026-02-07T13:55:08.233Z] <<< [apiv2][body] POST https://cloudresourcemanager.googleapis.com/v1/projects/hug-me-app-afb44:testIamPermissions {"permissions":["cloudfunctions.functions.create","cloudfunctions.functions.delete","cloudfunctions.functions.get","cloudfunctions.functions.list","cloudfunctions.functions.update","cloudfunctions.operations.get","firebase.projects.get"]}
[debug] [2026-02-07T13:55:08.233Z] Checked if tokens are valid: true, expires at: 1770475026243
[debug] [2026-02-07T13:55:08.233Z] Checked if tokens are valid: true, expires at: 1770475026243
[debug] [2026-02-07T13:55:08.233Z] >>> [apiv2][query] POST https://iam.googleapis.com/v1/projects/hug-me-app-afb44/serviceAccounts/hug-me-app-afb44@appspot.gserviceaccount.com:testIamPermissions [none]
[debug] [2026-02-07T13:55:08.233Z] >>> [apiv2][body] POST https://iam.googleapis.com/v1/projects/hug-me-app-afb44/serviceAccounts/hug-me-app-afb44@appspot.gserviceaccount.com:testIamPermissions {"permissions":["iam.serviceAccounts.actAs"]}
[debug] [2026-02-07T13:55:09.038Z] <<< [apiv2][status] POST https://iam.googleapis.com/v1/projects/hug-me-app-afb44/serviceAccounts/hug-me-app-afb44@appspot.gserviceaccount.com:testIamPermissions 200
[debug] [2026-02-07T13:55:09.038Z] <<< [apiv2][body] POST https://iam.googleapis.com/v1/projects/hug-me-app-afb44/serviceAccounts/hug-me-app-afb44@appspot.gserviceaccount.com:testIamPermissions {"permissions":["iam.serviceAccounts.actAs"]}
[info] 
[info] === Deploying to 'hug-me-app-afb44'...
[info] 
[info] i  deploying functions 
[info] Running command: npm --prefix "$RESOURCE_DIR" run lint
[info] Running command: npm --prefix "$RESOURCE_DIR" run build
[info] ✔  functions: Finished running predeploy script. 
[debug] [2026-02-07T13:55:13.482Z] Checked if tokens are valid: true, expires at: 1770475026243
[debug] [2026-02-07T13:55:13.482Z] Checked if tokens are valid: true, expires at: 1770475026243
[debug] [2026-02-07T13:55:13.482Z] >>> [apiv2][query] GET https://cloudresourcemanager.googleapis.com/v1/projects/hug-me-app-afb44 [none]
[debug] [2026-02-07T13:55:14.258Z] <<< [apiv2][status] GET https://cloudresourcemanager.googleapis.com/v1/projects/hug-me-app-afb44 200
[debug] [2026-02-07T13:55:14.258Z] <<< [apiv2][body] GET https://cloudresourcemanager.googleapis.com/v1/projects/hug-me-app-afb44 {"projectNumber":"150030020437","projectId":"hug-me-app-afb44","lifecycleState":"ACTIVE","name":"hug-me-app","labels":{"firebase":"enabled","firebase-core":"disabled"},"createTime":"2026-02-04T01:35:26.347713Z"}
[info] i  functions: preparing codebase default for deployment 
[info] i  functions: ensuring required API cloudfunctions.googleapis.com is enabled... 
[info] i  functions: ensuring required API cloudbuild.googleapis.com is enabled... 
[info] i  artifactregistry: ensuring required API artifactregistry.googleapis.com is enabled... 
[debug] [2026-02-07T13:55:14.260Z] Checked if tokens are valid: true, expires at: 1770475026243
[debug] [2026-02-07T13:55:14.260Z] Checked if tokens are valid: true, expires at: 1770475026243
[debug] [2026-02-07T13:55:14.260Z] >>> [apiv2][query] GET https://firebase.googleapis.com/v1beta1/projects/hug-me-app-afb44/adminSdkConfig [none]
[debug] [2026-02-07T13:55:14.614Z] <<< [apiv2][status] GET https://firebase.googleapis.com/v1beta1/projects/hug-me-app-afb44/adminSdkConfig 200
[debug] [2026-02-07T13:55:14.615Z] <<< [apiv2][body] GET https://firebase.googleapis.com/v1beta1/projects/hug-me-app-afb44/adminSdkConfig {"projectId":"hug-me-app-afb44","storageBucket":"hug-me-app-afb44.firebasestorage.app"}
[debug] [2026-02-07T13:55:14.617Z] Validating nodejs source
[debug] [2026-02-07T13:55:15.491Z] > [functions] package.json contents: {
  "name": "functions",
  "scripts": {
    "lint": "echo \"Skipping lint\"",
    "build": "tsc",
    "build:watch": "tsc --watch",
    "serve": "npm run build && firebase emulators:start --only functions",
    "shell": "npm run build && firebase functions:shell",
    "start": "npm run shell",
    "deploy": "firebase deploy --only functions",
    "logs": "firebase functions:log"
  },
  "engines": {
    "node": "24"
  },
  "main": "lib/index.js",
  "dependencies": {
    "firebase-admin": "^13.6.0",
    "firebase-functions": "^7.0.0",
    "node-fetch": "^3.3.2"
  },
  "devDependencies": {
    "@typescript-eslint/eslint-plugin": "^5.12.0",
    "@typescript-eslint/parser": "^5.12.0",
    "eslint": "^8.9.0",
    "eslint-config-google": "^0.14.0",
    "eslint-plugin-import": "^2.25.4",
    "firebase-functions-test": "^3.4.1",
    "typescript": "^5.7.3"
  },
  "private": true
}
[debug] [2026-02-07T13:55:15.491Z] Building nodejs source
[info] i  functions: Loading and analyzing source code for codebase default to determine what to deploy 
[debug] [2026-02-07T13:55:15.491Z] Could not find functions.yaml. Must use http discovery
[debug] [2026-02-07T13:55:15.499Z] Found firebase-functions binary at '/Users/sadanekdemir/src/sabbatical/hugging-app/functions/node_modules/.bin/firebase-functions'
[info] Serving at port 8762

[error] (node:48483) [DEP0040] DeprecationWarning: The `punycode` module is deprecated. Please use a userland alternative instead.
(Use `node --trace-deprecation ...` to show where the warning was created)

[debug] [2026-02-07T13:55:15.926Z] Got response from /__/functions.yaml {"endpoints":{"onHugCreated":{"availableMemoryMb":null,"timeoutSeconds":null,"minInstances":null,"maxInstances":10,"ingressSettings":null,"concurrency":null,"serviceAccountEmail":null,"vpc":null,"platform":"gcfv2","labels":{},"eventTrigger":{"eventType":"google.cloud.firestore.document.v1.created","eventFilters":{"database":"(default)","namespace":"(default)"},"eventFilterPathPatterns":{"document":"hugs/{hugId}"},"retry":false},"entryPoint":"onHugCreated"}},"specVersion":"v1alpha1","requiredAPIs":[],"extensions":{}}
[info] i  extensions: ensuring required API firebaseextensions.googleapis.com is enabled... 
[debug] [2026-02-07T13:55:19.947Z] > command requires scopes: ["email","openid","https://www.googleapis.com/auth/cloudplatformprojects.readonly","https://www.googleapis.com/auth/firebase","https://www.googleapis.com/auth/cloud-platform"]
[debug] [2026-02-07T13:55:19.947Z] > authorizing via signed-in user (sekdemir@gmail.com)
[debug] [2026-02-07T13:55:19.948Z] [iam] checking project hug-me-app-afb44 for permissions ["firebase.projects.get","firebaseextensions.instances.list"]
[debug] [2026-02-07T13:55:19.948Z] Checked if tokens are valid: true, expires at: 1770475026243
[debug] [2026-02-07T13:55:19.948Z] Checked if tokens are valid: true, expires at: 1770475026243
[debug] [2026-02-07T13:55:19.948Z] >>> [apiv2][query] POST https://cloudresourcemanager.googleapis.com/v1/projects/hug-me-app-afb44:testIamPermissions [none]
[debug] [2026-02-07T13:55:19.948Z] >>> [apiv2][(partial)header] POST https://cloudresourcemanager.googleapis.com/v1/projects/hug-me-app-afb44:testIamPermissions  x-goog-user-project=hug-me-app-afb44
[debug] [2026-02-07T13:55:19.948Z] >>> [apiv2][body] POST https://cloudresourcemanager.googleapis.com/v1/projects/hug-me-app-afb44:testIamPermissions {"permissions":["firebase.projects.get","firebaseextensions.instances.list"]}
[debug] [2026-02-07T13:55:20.673Z] <<< [apiv2][status] POST https://cloudresourcemanager.googleapis.com/v1/projects/hug-me-app-afb44:testIamPermissions 200
[debug] [2026-02-07T13:55:20.673Z] <<< [apiv2][body] POST https://cloudresourcemanager.googleapis.com/v1/projects/hug-me-app-afb44:testIamPermissions {"permissions":["firebase.projects.get","firebaseextensions.instances.list"]}
[debug] [2026-02-07T13:55:20.674Z] Checked if tokens are valid: true, expires at: 1770475026243
[debug] [2026-02-07T13:55:20.674Z] Checked if tokens are valid: true, expires at: 1770475026243
[debug] [2026-02-07T13:55:20.674Z] >>> [apiv2][query] GET https://firebaseextensions.googleapis.com/v1beta/projects/hug-me-app-afb44/instances pageSize=100&pageToken=
[debug] [2026-02-07T13:55:21.519Z] <<< [apiv2][status] GET https://firebaseextensions.googleapis.com/v1beta/projects/hug-me-app-afb44/instances 200
[debug] [2026-02-07T13:55:21.519Z] <<< [apiv2][body] GET https://firebaseextensions.googleapis.com/v1beta/projects/hug-me-app-afb44/instances {}
[info] i  functions: preparing functions directory for uploading... 
[info] i  functions: packaged /Users/sadanekdemir/src/sabbatical/hugging-app/functions (64.78 KB) for uploading 
[debug] [2026-02-07T13:55:21.566Z] Checked if tokens are valid: true, expires at: 1770475026243
[debug] [2026-02-07T13:55:21.566Z] Checked if tokens are valid: true, expires at: 1770475026243
[debug] [2026-02-07T13:55:21.566Z] >>> [apiv2][query] GET https://cloudfunctions.googleapis.com/v1/projects/hug-me-app-afb44/locations/-/functions [none]
[debug] [2026-02-07T13:55:22.343Z] <<< [apiv2][status] GET https://cloudfunctions.googleapis.com/v1/projects/hug-me-app-afb44/locations/-/functions 200
[debug] [2026-02-07T13:55:22.343Z] <<< [apiv2][body] GET https://cloudfunctions.googleapis.com/v1/projects/hug-me-app-afb44/locations/-/functions {}
[debug] [2026-02-07T13:55:22.343Z] Checked if tokens are valid: true, expires at: 1770475026243
[debug] [2026-02-07T13:55:22.343Z] Checked if tokens are valid: true, expires at: 1770475026243
[debug] [2026-02-07T13:55:22.343Z] >>> [apiv2][query] GET https://cloudfunctions.googleapis.com/v2/projects/hug-me-app-afb44/locations/-/functions filter=environment%3D%22GEN_2%22
[debug] [2026-02-07T13:55:23.301Z] <<< [apiv2][status] GET https://cloudfunctions.googleapis.com/v2/projects/hug-me-app-afb44/locations/-/functions 200
[debug] [2026-02-07T13:55:23.302Z] <<< [apiv2][body] GET https://cloudfunctions.googleapis.com/v2/projects/hug-me-app-afb44/locations/-/functions {}
[debug] [2026-02-07T13:55:23.304Z] Checked if tokens are valid: true, expires at: 1770475026243
[debug] [2026-02-07T13:55:23.304Z] Checked if tokens are valid: true, expires at: 1770475026243
[debug] [2026-02-07T13:55:23.304Z] >>> [apiv2][query] GET https://firestore.googleapis.com/v1/projects/hug-me-app-afb44/databases/(default) [none]
[debug] [2026-02-07T13:55:23.668Z] <<< [apiv2][status] GET https://firestore.googleapis.com/v1/projects/hug-me-app-afb44/databases/(default) 200
[debug] [2026-02-07T13:55:23.668Z] <<< [apiv2][body] GET https://firestore.googleapis.com/v1/projects/hug-me-app-afb44/databases/(default) {"name":"projects/hug-me-app-afb44/databases/(default)","uid":"1566a6f0-a96b-445a-8cd7-a975035a2562","createTime":"2026-02-04T01:36:45.978204Z","updateTime":"2026-02-04T01:36:45.978204Z","locationId":"eur3","type":"FIRESTORE_NATIVE","concurrencyMode":"PESSIMISTIC","versionRetentionPeriod":"3600s","earliestVersionTime":"2026-02-07T12:55:23.674168Z","appEngineIntegrationMode":"DISABLED","keyPrefix":"e","pointInTimeRecoveryEnablement":"POINT_IN_TIME_RECOVERY_DISABLED","deleteProtectionState":"DELETE_PROTECTION_DISABLED","databaseEdition":"STANDARD","freeTier":true,"realtimeUpdatesMode":"REALTIME_UPDATES_MODE_ENABLED","etag":"IOzg7o7Ex5IDMPTMhvTavpID"}
[info] i  functions: ensuring required API run.googleapis.com is enabled... 
[info] i  functions: ensuring required API eventarc.googleapis.com is enabled... 
[info] i  functions: ensuring required API pubsub.googleapis.com is enabled... 
[info] i  functions: ensuring required API storage.googleapis.com is enabled... 
[info] i  functions: generating the service identity for pubsub.googleapis.com... 
[debug] [2026-02-07T13:55:23.678Z] Checked if tokens are valid: true, expires at: 1770475026243
[debug] [2026-02-07T13:55:23.678Z] Checked if tokens are valid: true, expires at: 1770475026243
[info] i  functions: generating the service identity for eventarc.googleapis.com... 
[debug] [2026-02-07T13:55:23.678Z] Checked if tokens are valid: true, expires at: 1770475026243
[debug] [2026-02-07T13:55:23.678Z] Checked if tokens are valid: true, expires at: 1770475026243
[debug] [2026-02-07T13:55:23.678Z] >>> [apiv2][query] POST https://serviceusage.googleapis.com/v1beta1/projects/150030020437/services/pubsub.googleapis.com:generateServiceIdentity [none]
[debug] [2026-02-07T13:55:23.678Z] >>> [apiv2][(partial)header] POST https://serviceusage.googleapis.com/v1beta1/projects/150030020437/services/pubsub.googleapis.com:generateServiceIdentity  x-goog-user-project=150030020437
[debug] [2026-02-07T13:55:23.678Z] >>> [apiv2][body] POST https://serviceusage.googleapis.com/v1beta1/projects/150030020437/services/pubsub.googleapis.com:generateServiceIdentity {}
[debug] [2026-02-07T13:55:23.679Z] >>> [apiv2][query] POST https://serviceusage.googleapis.com/v1beta1/projects/150030020437/services/eventarc.googleapis.com:generateServiceIdentity [none]
[debug] [2026-02-07T13:55:23.679Z] >>> [apiv2][(partial)header] POST https://serviceusage.googleapis.com/v1beta1/projects/150030020437/services/eventarc.googleapis.com:generateServiceIdentity  x-goog-user-project=150030020437
[debug] [2026-02-07T13:55:23.679Z] >>> [apiv2][body] POST https://serviceusage.googleapis.com/v1beta1/projects/150030020437/services/eventarc.googleapis.com:generateServiceIdentity {}
[debug] [2026-02-07T13:55:24.584Z] <<< [apiv2][status] POST https://serviceusage.googleapis.com/v1beta1/projects/150030020437/services/eventarc.googleapis.com:generateServiceIdentity 200
[debug] [2026-02-07T13:55:24.585Z] <<< [apiv2][body] POST https://serviceusage.googleapis.com/v1beta1/projects/150030020437/services/eventarc.googleapis.com:generateServiceIdentity {"name":"operations/finished.DONE_OPERATION","done":true,"response":{"@type":"type.googleapis.com/google.api.serviceusage.v1beta1.ServiceIdentity","email":"service-150030020437@gcp-sa-eventarc.iam.gserviceaccount.com","uniqueId":"115356265484754681204"}}
[debug] [2026-02-07T13:55:24.628Z] <<< [apiv2][status] POST https://serviceusage.googleapis.com/v1beta1/projects/150030020437/services/pubsub.googleapis.com:generateServiceIdentity 200
[debug] [2026-02-07T13:55:24.628Z] <<< [apiv2][body] POST https://serviceusage.googleapis.com/v1beta1/projects/150030020437/services/pubsub.googleapis.com:generateServiceIdentity {"name":"operations/finished.DONE_OPERATION","done":true,"response":{"@type":"type.googleapis.com/google.api.serviceusage.v1beta1.ServiceIdentity","email":"service-150030020437@gcp-sa-pubsub.iam.gserviceaccount.com","uniqueId":"114017874774072526532"}}
[debug] [2026-02-07T13:55:24.629Z] Checked if tokens are valid: true, expires at: 1770475026243
[debug] [2026-02-07T13:55:24.629Z] Checked if tokens are valid: true, expires at: 1770475026243
[debug] [2026-02-07T13:55:24.629Z] >>> [apiv2][query] GET https://compute.googleapis.com/compute/v1/projects/150030020437 [none]
[debug] [2026-02-07T13:55:24.946Z] <<< [apiv2][status] GET https://compute.googleapis.com/compute/v1/projects/150030020437 403
[debug] [2026-02-07T13:55:24.946Z] <<< [apiv2][body] GET https://compute.googleapis.com/compute/v1/projects/150030020437 {"error":{"code":403,"message":"Compute Engine API has not been used in project 150030020437 before or it is disabled. Enable it by visiting https://console.developers.google.com/apis/api/compute.googleapis.com/overview?project=150030020437 then retry. If you enabled this API recently, wait a few minutes for the action to propagate to our systems and retry.","errors":[{"message":"Compute Engine API has not been used in project 150030020437 before or it is disabled. Enable it by visiting https://console.developers.google.com/apis/api/compute.googleapis.com/overview?project=150030020437 then retry. If you enabled this API recently, wait a few minutes for the action to propagate to our systems and retry.","domain":"usageLimits","reason":"accessNotConfigured","extendedHelp":"https://console.developers.google.com"}],"status":"PERMISSION_DENIED","details":[{"@type":"type.googleapis.com/google.rpc.ErrorInfo","reason":"SERVICE_DISABLED","domain":"googleapis.com","metadata":{"consumer":"projects/150030020437","containerInfo":"150030020437","serviceTitle":"Compute Engine API","activationUrl":"https://console.developers.google.com/apis/api/compute.googleapis.com/overview?project=150030020437","service":"compute.googleapis.com"}},{"@type":"type.googleapis.com/google.rpc.LocalizedMessage","locale":"en-US","message":"Compute Engine API has not been used in project 150030020437 before or it is disabled. Enable it by visiting https://console.developers.google.com/apis/api/compute.googleapis.com/overview?project=150030020437 then retry. If you enabled this API recently, wait a few minutes for the action to propagate to our systems and retry."},{"@type":"type.googleapis.com/google.rpc.Help","links":[{"description":"Google developers console API activation","url":"https://console.developers.google.com/apis/api/compute.googleapis.com/overview?project=150030020437"}]}]}}
[debug] [2026-02-07T13:55:24.947Z] unable to look up default compute service account. Falling back to 150030020437-compute@developer.gserviceaccount.com. Error: {"name":"FirebaseError","children":[],"context":{"body":{"error":{"code":403,"message":"Compute Engine API has not been used in project 150030020437 before or it is disabled. Enable it by visiting https://console.developers.google.com/apis/api/compute.googleapis.com/overview?project=150030020437 then retry. If you enabled this API recently, wait a few minutes for the action to propagate to our systems and retry.","errors":[{"message":"Compute Engine API has not been used in project 150030020437 before or it is disabled. Enable it by visiting https://console.developers.google.com/apis/api/compute.googleapis.com/overview?project=150030020437 then retry. If you enabled this API recently, wait a few minutes for the action to propagate to our systems and retry.","domain":"usageLimits","reason":"accessNotConfigured","extendedHelp":"https://console.developers.google.com"}],"status":"PERMISSION_DENIED","details":[{"@type":"type.googleapis.com/google.rpc.ErrorInfo","reason":"SERVICE_DISABLED","domain":"googleapis.com","metadata":{"consumer":"projects/150030020437","containerInfo":"150030020437","serviceTitle":"Compute Engine API","activationUrl":"https://console.developers.google.com/apis/api/compute.googleapis.com/overview?project=150030020437","service":"compute.googleapis.com"}},{"@type":"type.googleapis.com/google.rpc.LocalizedMessage","locale":"en-US","message":"Compute Engine API has not been used in project 150030020437 before or it is disabled. Enable it by visiting https://console.developers.google.com/apis/api/compute.googleapis.com/overview?project=150030020437 then retry. If you enabled this API recently, wait a few minutes for the action to propagate to our systems and retry."},{"@type":"type.googleapis.com/google.rpc.Help","links":[{"description":"Google developers console API activation","url":"https://console.developers.google.com/apis/api/compute.googleapis.com/overview?project=150030020437"}]}]}},"response":{"statusCode":403}},"exit":1,"message":"Request to https://compute.googleapis.com/compute/v1/projects/150030020437 had HTTP Error: 403, Compute Engine API has not been used in project 150030020437 before or it is disabled. Enable it by visiting https://console.developers.google.com/apis/api/compute.googleapis.com/overview?project=150030020437 then retry. If you enabled this API recently, wait a few minutes for the action to propagate to our systems and retry.","status":403}
[debug] [2026-02-07T13:55:24.947Z] Checked if tokens are valid: true, expires at: 1770475026243
[debug] [2026-02-07T13:55:24.947Z] Checked if tokens are valid: true, expires at: 1770475026243
[debug] [2026-02-07T13:55:24.947Z] >>> [apiv2][query] POST https://cloudresourcemanager.googleapis.com/v1/projects/150030020437:getIamPolicy [none]
[debug] [2026-02-07T13:55:25.167Z] <<< [apiv2][status] POST https://cloudresourcemanager.googleapis.com/v1/projects/150030020437:getIamPolicy 200
[debug] [2026-02-07T13:55:25.167Z] <<< [apiv2][body] POST https://cloudresourcemanager.googleapis.com/v1/projects/150030020437:getIamPolicy {"version":1,"etag":"BwZKPD1C3qY=","bindings":[{"role":"roles/cloudbuild.builds.builder","members":["serviceAccount:150030020437@cloudbuild.gserviceaccount.com"]},{"role":"roles/cloudbuild.serviceAgent","members":["serviceAccount:service-150030020437@gcp-sa-cloudbuild.iam.gserviceaccount.com"]},{"role":"roles/cloudfunctions.serviceAgent","members":["serviceAccount:service-150030020437@gcf-admin-robot.iam.gserviceaccount.com"]},{"role":"roles/containerregistry.ServiceAgent","members":["serviceAccount:service-150030020437@containerregistry.iam.gserviceaccount.com"]},{"role":"roles/editor","members":["serviceAccount:150030020437-compute@developer.gserviceaccount.com","serviceAccount:150030020437@cloudservices.gserviceaccount.com","serviceAccount:hug-me-app-afb44@appspot.gserviceaccount.com"]},{"role":"roles/eventarc.eventReceiver","members":["serviceAccount:150030020437-compute@developer.gserviceaccount.com"]},{"role":"roles/eventarc.serviceAgent","members":["serviceAccount:service-150030020437@gcp-sa-eventarc.iam.gserviceaccount.com"]},{"role":"roles/firebase.managementServiceAgent","members":["serviceAccount:service-150030020437@gcp-sa-firebase.iam.gserviceaccount.com"]},{"role":"roles/firebase.sdkAdminServiceAgent","members":["serviceAccount:firebase-adminsdk-fbsvc@hug-me-app-afb44.iam.gserviceaccount.com"]},{"role":"roles/firebaseauth.admin","members":["serviceAccount:firebase-adminsdk-fbsvc@hug-me-app-afb44.iam.gserviceaccount.com"]},{"role":"roles/firebasemods.serviceAgent","members":["serviceAccount:service-150030020437@gcp-sa-firebasemods.iam.gserviceaccount.com"]},{"role":"roles/firebaserules.system","members":["serviceAccount:service-150030020437@firebase-rules.iam.gserviceaccount.com"]},{"role":"roles/firestore.serviceAgent","members":["serviceAccount:service-150030020437@gcp-sa-firestore.iam.gserviceaccount.com"]},{"role":"roles/iam.serviceAccountTokenCreator","members":["serviceAccount:firebase-adminsdk-fbsvc@hug-me-app-afb44.iam.gserviceaccount.com","serviceAccount:service-150030020437@gcp-sa-pubsub.iam.gserviceaccount.com"]},{"role":"roles/owner","members":["user:sekdemir@gmail.com"]},{"role":"roles/run.invoker","members":["serviceAccount:150030020437-compute@developer.gserviceaccount.com"]},{"role":"roles/run.serviceAgent","members":["serviceAccount:service-150030020437@serverless-robot-prod.iam.gserviceaccount.com"]}]}
[debug] [2026-02-07T13:55:25.167Z] Checked if tokens are valid: true, expires at: 1770475026243
[debug] [2026-02-07T13:55:25.167Z] Checked if tokens are valid: true, expires at: 1770475026243
[debug] [2026-02-07T13:55:25.167Z] >>> [apiv2][query] GET https://cloudresourcemanager.googleapis.com/v1/projects/hug-me-app-afb44 [none]
[debug] [2026-02-07T13:55:25.580Z] <<< [apiv2][status] GET https://cloudresourcemanager.googleapis.com/v1/projects/hug-me-app-afb44 200
[debug] [2026-02-07T13:55:25.580Z] <<< [apiv2][body] GET https://cloudresourcemanager.googleapis.com/v1/projects/hug-me-app-afb44 {"projectNumber":"150030020437","projectId":"hug-me-app-afb44","lifecycleState":"ACTIVE","name":"hug-me-app","labels":{"firebase":"enabled","firebase-core":"disabled"},"createTime":"2026-02-04T01:35:26.347713Z"}
[debug] [2026-02-07T13:55:25.580Z] Checked if tokens are valid: true, expires at: 1770475026243
[debug] [2026-02-07T13:55:25.580Z] Checked if tokens are valid: true, expires at: 1770475026243
[debug] [2026-02-07T13:55:25.581Z] >>> [apiv2][query] GET https://compute.googleapis.com/compute/v1/projects/150030020437 [none]
[debug] [2026-02-07T13:55:26.329Z] <<< [apiv2][status] GET https://compute.googleapis.com/compute/v1/projects/150030020437 403
[debug] [2026-02-07T13:55:26.329Z] <<< [apiv2][body] GET https://compute.googleapis.com/compute/v1/projects/150030020437 {"error":{"code":403,"message":"Compute Engine API has not been used in project 150030020437 before or it is disabled. Enable it by visiting https://console.developers.google.com/apis/api/compute.googleapis.com/overview?project=150030020437 then retry. If you enabled this API recently, wait a few minutes for the action to propagate to our systems and retry.","errors":[{"message":"Compute Engine API has not been used in project 150030020437 before or it is disabled. Enable it by visiting https://console.developers.google.com/apis/api/compute.googleapis.com/overview?project=150030020437 then retry. If you enabled this API recently, wait a few minutes for the action to propagate to our systems and retry.","domain":"usageLimits","reason":"accessNotConfigured","extendedHelp":"https://console.developers.google.com"}],"status":"PERMISSION_DENIED","details":[{"@type":"type.googleapis.com/google.rpc.ErrorInfo","reason":"SERVICE_DISABLED","domain":"googleapis.com","metadata":{"serviceTitle":"Compute Engine API","containerInfo":"150030020437","service":"compute.googleapis.com","consumer":"projects/150030020437","activationUrl":"https://console.developers.google.com/apis/api/compute.googleapis.com/overview?project=150030020437"}},{"@type":"type.googleapis.com/google.rpc.LocalizedMessage","locale":"en-US","message":"Compute Engine API has not been used in project 150030020437 before or it is disabled. Enable it by visiting https://console.developers.google.com/apis/api/compute.googleapis.com/overview?project=150030020437 then retry. If you enabled this API recently, wait a few minutes for the action to propagate to our systems and retry."},{"@type":"type.googleapis.com/google.rpc.Help","links":[{"description":"Google developers console API activation","url":"https://console.developers.google.com/apis/api/compute.googleapis.com/overview?project=150030020437"}]}]}}
[debug] [2026-02-07T13:55:26.330Z] unable to look up default compute service account. Falling back to 150030020437-compute@developer.gserviceaccount.com. Error: {"name":"FirebaseError","children":[],"context":{"body":{"error":{"code":403,"message":"Compute Engine API has not been used in project 150030020437 before or it is disabled. Enable it by visiting https://console.developers.google.com/apis/api/compute.googleapis.com/overview?project=150030020437 then retry. If you enabled this API recently, wait a few minutes for the action to propagate to our systems and retry.","errors":[{"message":"Compute Engine API has not been used in project 150030020437 before or it is disabled. Enable it by visiting https://console.developers.google.com/apis/api/compute.googleapis.com/overview?project=150030020437 then retry. If you enabled this API recently, wait a few minutes for the action to propagate to our systems and retry.","domain":"usageLimits","reason":"accessNotConfigured","extendedHelp":"https://console.developers.google.com"}],"status":"PERMISSION_DENIED","details":[{"@type":"type.googleapis.com/google.rpc.ErrorInfo","reason":"SERVICE_DISABLED","domain":"googleapis.com","metadata":{"serviceTitle":"Compute Engine API","containerInfo":"150030020437","service":"compute.googleapis.com","consumer":"projects/150030020437","activationUrl":"https://console.developers.google.com/apis/api/compute.googleapis.com/overview?project=150030020437"}},{"@type":"type.googleapis.com/google.rpc.LocalizedMessage","locale":"en-US","message":"Compute Engine API has not been used in project 150030020437 before or it is disabled. Enable it by visiting https://console.developers.google.com/apis/api/compute.googleapis.com/overview?project=150030020437 then retry. If you enabled this API recently, wait a few minutes for the action to propagate to our systems and retry."},{"@type":"type.googleapis.com/google.rpc.Help","links":[{"description":"Google developers console API activation","url":"https://console.developers.google.com/apis/api/compute.googleapis.com/overview?project=150030020437"}]}]}},"response":{"statusCode":403}},"exit":1,"message":"Request to https://compute.googleapis.com/compute/v1/projects/150030020437 had HTTP Error: 403, Compute Engine API has not been used in project 150030020437 before or it is disabled. Enable it by visiting https://console.developers.google.com/apis/api/compute.googleapis.com/overview?project=150030020437 then retry. If you enabled this API recently, wait a few minutes for the action to propagate to our systems and retry.","status":403}
[debug] [2026-02-07T13:55:26.331Z] Checked if tokens are valid: true, expires at: 1770475026243
[debug] [2026-02-07T13:55:26.331Z] Checked if tokens are valid: true, expires at: 1770475026243
[debug] [2026-02-07T13:55:26.331Z] >>> [apiv2][query] GET https://cloudbilling.googleapis.com/v1/projects/hug-me-app-afb44/billingInfo [none]
[debug] [2026-02-07T13:55:26.666Z] <<< [apiv2][status] GET https://cloudbilling.googleapis.com/v1/projects/hug-me-app-afb44/billingInfo 200
[debug] [2026-02-07T13:55:26.666Z] <<< [apiv2][body] GET https://cloudbilling.googleapis.com/v1/projects/hug-me-app-afb44/billingInfo {"name":"projects/hug-me-app-afb44/billingInfo","projectId":"hug-me-app-afb44","billingAccountName":"billingAccounts/01A021-045AFE-BFD6AB","billingEnabled":true}
[debug] [2026-02-07T13:55:26.667Z] Checked if tokens are valid: true, expires at: 1770475026243
[debug] [2026-02-07T13:55:26.667Z] Checked if tokens are valid: true, expires at: 1770475026243
[debug] [2026-02-07T13:55:26.667Z] >>> [apiv2][query] POST https://cloudfunctions.googleapis.com/v2/projects/hug-me-app-afb44/locations/us-central1/functions:generateUploadUrl [none]
[debug] [2026-02-07T13:55:27.462Z] <<< [apiv2][status] POST https://cloudfunctions.googleapis.com/v2/projects/hug-me-app-afb44/locations/us-central1/functions:generateUploadUrl 200
[debug] [2026-02-07T13:55:27.462Z] <<< [apiv2][body] POST https://cloudfunctions.googleapis.com/v2/projects/hug-me-app-afb44/locations/us-central1/functions:generateUploadUrl {"uploadUrl":"https://storage.googleapis.com/gcf-v2-uploads-150030020437.us-central1.cloudfunctions.appspot.com/095a974d-9728-4b0f-9ccc-6ea21614f5a5.zip?GoogleAccessId=service-150030020437@gcf-admin-robot.iam.gserviceaccount.com&Expires=1770474327&Signature=OJqLqd0ER%2BxG4EF2qNLvxVkP21moAcr%2FMa2qRXP8t5BYeLPl69ro8eNVtXxOCdQIw7gBes%2Bi%2B0mcJ2OKcj4BP6vx4BW7yK%2F2ykkNbxK2ums1D%2FlSpC4VgHXIKhDIb%2FK4jS6AdyqKskC1stO8IASX7%2BwFKFfFwqTUT3JX3X6kA66O%2BVnsfHBAl2JNr6Ko5rh4noawfpRnDnLhK%2FlbrtWuRd1wB7lgr8JEfihCe3y%2FZx8Yq2E%2Fgj55MUXLv45FYsODYNx57cMvhkjlKc8K0oNiqG6feZlWKRn1GjEHQyvC9m9TO67J5LOFJzrK9gTJvlBiqrQo6MtArlzf6idqj76vmQ%3D%3D","storageSource":{"bucket":"gcf-v2-uploads-150030020437.us-central1.cloudfunctions.appspot.com","object":"095a974d-9728-4b0f-9ccc-6ea21614f5a5.zip"}}
[debug] [2026-02-07T13:55:27.462Z] >>> [apiv2][query] PUT https://storage.googleapis.com/gcf-v2-uploads-150030020437.us-central1.cloudfunctions.appspot.com/095a974d-9728-4b0f-9ccc-6ea21614f5a5.zip GoogleAccessId=service-150030020437%40gcf-admin-robot.iam.gserviceaccount.com&Expires=1770474327&Signature=OJqLqd0ER%2BxG4EF2qNLvxVkP21moAcr%2FMa2qRXP8t5BYeLPl69ro8eNVtXxOCdQIw7gBes%2Bi%2B0mcJ2OKcj4BP6vx4BW7yK%2F2ykkNbxK2ums1D%2FlSpC4VgHXIKhDIb%2FK4jS6AdyqKskC1stO8IASX7%2BwFKFfFwqTUT3JX3X6kA66O%2BVnsfHBAl2JNr6Ko5rh4noawfpRnDnLhK%2FlbrtWuRd1wB7lgr8JEfihCe3y%2FZx8Yq2E%2Fgj55MUXLv45FYsODYNx57cMvhkjlKc8K0oNiqG6feZlWKRn1GjEHQyvC9m9TO67J5LOFJzrK9gTJvlBiqrQo6MtArlzf6idqj76vmQ%3D%3D
[debug] [2026-02-07T13:55:27.462Z] >>> [apiv2][body] PUT https://storage.googleapis.com/gcf-v2-uploads-150030020437.us-central1.cloudfunctions.appspot.com/095a974d-9728-4b0f-9ccc-6ea21614f5a5.zip [stream]
[debug] [2026-02-07T13:55:28.027Z] <<< [apiv2][status] PUT https://storage.googleapis.com/gcf-v2-uploads-150030020437.us-central1.cloudfunctions.appspot.com/095a974d-9728-4b0f-9ccc-6ea21614f5a5.zip 200
[debug] [2026-02-07T13:55:28.027Z] <<< [apiv2][body] PUT https://storage.googleapis.com/gcf-v2-uploads-150030020437.us-central1.cloudfunctions.appspot.com/095a974d-9728-4b0f-9ccc-6ea21614f5a5.zip [omitted]
[info] ✔  functions: functions source uploaded successfully 
[info] i  functions: creating Node.js 24 (2nd Gen) function onHugCreated(us-central1)... 
[debug] [2026-02-07T13:55:28.030Z] Checked if tokens are valid: true, expires at: 1770475026243
[debug] [2026-02-07T13:55:28.030Z] Checked if tokens are valid: true, expires at: 1770475026243
[debug] [2026-02-07T13:55:28.030Z] >>> [apiv2][query] POST https://cloudfunctions.googleapis.com/v2/projects/hug-me-app-afb44/locations/us-central1/functions functionId=onHugCreated
[debug] [2026-02-07T13:55:28.030Z] >>> [apiv2][body] POST https://cloudfunctions.googleapis.com/v2/projects/hug-me-app-afb44/locations/us-central1/functions {"name":"projects/hug-me-app-afb44/locations/us-central1/functions/onHugCreated","buildConfig":{"runtime":"nodejs24","entryPoint":"onHugCreated","source":{"storageSource":{"bucket":"gcf-v2-uploads-150030020437.us-central1.cloudfunctions.appspot.com","object":"095a974d-9728-4b0f-9ccc-6ea21614f5a5.zip"}},"environmentVariables":{"GOOGLE_NODE_RUN_SCRIPTS":""}},"serviceConfig":{"environmentVariables":{"FIREBASE_CONFIG":"{\"projectId\":\"hug-me-app-afb44\",\"storageBucket\":\"hug-me-app-afb44.firebasestorage.app\"}","GCLOUD_PROJECT":"hug-me-app-afb44","EVENTARC_CLOUD_EVENT_SOURCE":"projects/hug-me-app-afb44/locations/us-central1/services/onHugCreated","FUNCTION_SIGNATURE_TYPE":"cloudevent","FUNCTION_TARGET":"onHugCreated","LOG_EXECUTION_ID":"true"},"ingressSettings":null,"timeoutSeconds":null,"serviceAccountEmail":null,"availableMemory":"256Mi","minInstanceCount":null,"maxInstanceCount":10,"maxInstanceRequestConcurrency":80,"availableCpu":"1","vpcConnector":null,"vpcConnectorEgressSettings":null},"labels":{"deployment-tool":"cli-firebase","firebase-functions-hash":"384829ebf88dc94b5a465089ca5070b1fc5cb50a"},"eventTrigger":{"eventType":"google.cloud.firestore.document.v1.created","retryPolicy":"RETRY_POLICY_DO_NOT_RETRY","eventFilters":[{"attribute":"database","value":"(default)"},{"attribute":"namespace","value":"(default)"},{"attribute":"document","value":"hugs/{hugId}","operator":"match-path-pattern"}],"triggerRegion":"eur3"}}
[debug] [2026-02-07T13:55:30.036Z] <<< [apiv2][status] POST https://cloudfunctions.googleapis.com/v2/projects/hug-me-app-afb44/locations/us-central1/functions 200
[debug] [2026-02-07T13:55:30.036Z] <<< [apiv2][body] POST https://cloudfunctions.googleapis.com/v2/projects/hug-me-app-afb44/locations/us-central1/functions {"name":"projects/hug-me-app-afb44/locations/us-central1/operations/operation-1770472528719-64a3c4228ad72-1359bf6f-7abf6991","metadata":{"@type":"type.googleapis.com/google.cloud.functions.v2.OperationMetadata","createTime":"2026-02-07T13:55:29.981354368Z","target":"projects/hug-me-app-afb44/locations/us-central1/functions/onHugCreated","verb":"create","cancelRequested":false,"apiVersion":"v2"},"done":false}
[debug] [2026-02-07T13:55:30.038Z] Checked if tokens are valid: true, expires at: 1770475026243
[debug] [2026-02-07T13:55:30.038Z] Checked if tokens are valid: true, expires at: 1770475026243
[debug] [2026-02-07T13:55:30.038Z] >>> [apiv2][query] GET https://cloudfunctions.googleapis.com/v2/projects/hug-me-app-afb44/locations/us-central1/operations/operation-1770472528719-64a3c4228ad72-1359bf6f-7abf6991 [none]
[debug] [2026-02-07T13:55:30.752Z] <<< [apiv2][status] GET https://cloudfunctions.googleapis.com/v2/projects/hug-me-app-afb44/locations/us-central1/operations/operation-1770472528719-64a3c4228ad72-1359bf6f-7abf6991 200
[debug] [2026-02-07T13:55:30.757Z] <<< [apiv2][body] GET https://cloudfunctions.googleapis.com/v2/projects/hug-me-app-afb44/locations/us-central1/operations/operation-1770472528719-64a3c4228ad72-1359bf6f-7abf6991 {"name":"projects/hug-me-app-afb44/locations/us-central1/operations/operation-1770472528719-64a3c4228ad72-1359bf6f-7abf6991","metadata":{"@type":"type.googleapis.com/google.cloud.functions.v2.OperationMetadata","createTime":"2026-02-07T13:55:29.981354368Z","target":"projects/hug-me-app-afb44/locations/us-central1/functions/onHugCreated","verb":"create","cancelRequested":false,"apiVersion":"v2","requestResource":{"@type":"type.googleapis.com/google.cloud.functions.v2.Function","name":"projects/hug-me-app-afb44/locations/us-central1/functions/onHugCreated","buildConfig":{"runtime":"nodejs24","entryPoint":"onHugCreated","source":{"storageSource":{"bucket":"gcf-v2-sources-150030020437-us-central1","object":"onHugCreated/function-source.zip","generation":"1770472528955912"}},"environmentVariables":{"GOOGLE_NODE_RUN_SCRIPTS":""},"serviceAccount":"projects/hug-me-app-afb44/serviceAccounts/150030020437-compute@developer.gserviceaccount.com","automaticUpdatePolicy":{}},"serviceConfig":{"service":"projects/hug-me-app-afb44/locations/us-central1/services/onhugcreated","timeoutSeconds":60,"environmentVariables":{"FIREBASE_CONFIG":"{\"projectId\":\"hug-me-app-afb44\",\"storageBucket\":\"hug-me-app-afb44.firebasestorage.app\"}","GCLOUD_PROJECT":"hug-me-app-afb44","EVENTARC_CLOUD_EVENT_SOURCE":"projects/hug-me-app-afb44/locations/us-central1/services/onHugCreated","FUNCTION_SIGNATURE_TYPE":"cloudevent","FUNCTION_TARGET":"onHugCreated","LOG_EXECUTION_ID":"true"},"maxInstanceCount":10,"ingressSettings":"ALLOW_ALL","serviceAccountEmail":"150030020437-compute@developer.gserviceaccount.com","availableMemory":"256Mi","maxInstanceRequestConcurrency":80,"availableCpu":"1"},"eventTrigger":{"trigger":"projects/hug-me-app-afb44/locations/eur3/triggers/onhugcreated-350685","triggerRegion":"eur3","eventType":"google.cloud.firestore.document.v1.created","eventFilters":[{"attribute":"database","value":"(default)"},{"attribute":"namespace","value":"(default)"},{"attribute":"document","value":"hugs/{hugId}","operator":"match-path-pattern"}],"serviceAccountEmail":"150030020437-compute@developer.gserviceaccount.com","retryPolicy":"RETRY_POLICY_DO_NOT_RETRY"},"labels":{"deployment-tool":"cli-firebase","firebase-functions-hash":"384829ebf88dc94b5a465089ca5070b1fc5cb50a"},"environment":"GEN_2"},"stages":[{"name":"BUILD","state":"NOT_STARTED"},{"name":"SERVICE","state":"NOT_STARTED"},{"name":"TRIGGER","state":"NOT_STARTED"}],"operationType":"CREATE_FUNCTION"},"done":false}
[debug] [2026-02-07T13:55:31.258Z] [create-default-us-central1-onHugCreated] Retrying task index 0
[debug] [2026-02-07T13:55:31.259Z] Checked if tokens are valid: true, expires at: 1770475026243
[debug] [2026-02-07T13:55:31.259Z] Checked if tokens are valid: true, expires at: 1770475026243
[debug] [2026-02-07T13:55:31.259Z] >>> [apiv2][query] GET https://cloudfunctions.googleapis.com/v2/projects/hug-me-app-afb44/locations/us-central1/operations/operation-1770472528719-64a3c4228ad72-1359bf6f-7abf6991 [none]
[debug] [2026-02-07T13:55:32.032Z] <<< [apiv2][status] GET https://cloudfunctions.googleapis.com/v2/projects/hug-me-app-afb44/locations/us-central1/operations/operation-1770472528719-64a3c4228ad72-1359bf6f-7abf6991 200
[debug] [2026-02-07T13:55:32.032Z] <<< [apiv2][body] GET https://cloudfunctions.googleapis.com/v2/projects/hug-me-app-afb44/locations/us-central1/operations/operation-1770472528719-64a3c4228ad72-1359bf6f-7abf6991 {"name":"projects/hug-me-app-afb44/locations/us-central1/operations/operation-1770472528719-64a3c4228ad72-1359bf6f-7abf6991","metadata":{"@type":"type.googleapis.com/google.cloud.functions.v2.OperationMetadata","createTime":"2026-02-07T13:55:29.981354368Z","target":"projects/hug-me-app-afb44/locations/us-central1/functions/onHugCreated","verb":"create","cancelRequested":false,"apiVersion":"v2","requestResource":{"@type":"type.googleapis.com/google.cloud.functions.v2.Function","name":"projects/hug-me-app-afb44/locations/us-central1/functions/onHugCreated","buildConfig":{"runtime":"nodejs24","entryPoint":"onHugCreated","source":{"storageSource":{"bucket":"gcf-v2-sources-150030020437-us-central1","object":"onHugCreated/function-source.zip","generation":"1770472528955912"}},"environmentVariables":{"GOOGLE_NODE_RUN_SCRIPTS":""},"serviceAccount":"projects/hug-me-app-afb44/serviceAccounts/150030020437-compute@developer.gserviceaccount.com","automaticUpdatePolicy":{}},"serviceConfig":{"service":"projects/hug-me-app-afb44/locations/us-central1/services/onhugcreated","timeoutSeconds":60,"environmentVariables":{"FIREBASE_CONFIG":"{\"projectId\":\"hug-me-app-afb44\",\"storageBucket\":\"hug-me-app-afb44.firebasestorage.app\"}","GCLOUD_PROJECT":"hug-me-app-afb44","EVENTARC_CLOUD_EVENT_SOURCE":"projects/hug-me-app-afb44/locations/us-central1/services/onHugCreated","FUNCTION_SIGNATURE_TYPE":"cloudevent","FUNCTION_TARGET":"onHugCreated","LOG_EXECUTION_ID":"true"},"maxInstanceCount":10,"ingressSettings":"ALLOW_ALL","serviceAccountEmail":"150030020437-compute@developer.gserviceaccount.com","availableMemory":"256Mi","maxInstanceRequestConcurrency":80,"availableCpu":"1"},"eventTrigger":{"trigger":"projects/hug-me-app-afb44/locations/eur3/triggers/onhugcreated-350685","triggerRegion":"eur3","eventType":"google.cloud.firestore.document.v1.created","eventFilters":[{"attribute":"database","value":"(default)"},{"attribute":"namespace","value":"(default)"},{"attribute":"document","value":"hugs/{hugId}","operator":"match-path-pattern"}],"serviceAccountEmail":"150030020437-compute@developer.gserviceaccount.com","retryPolicy":"RETRY_POLICY_DO_NOT_RETRY"},"labels":{"deployment-tool":"cli-firebase","firebase-functions-hash":"384829ebf88dc94b5a465089ca5070b1fc5cb50a"},"environment":"GEN_2"},"stages":[{"name":"BUILD","state":"NOT_STARTED"},{"name":"SERVICE","state":"NOT_STARTED"},{"name":"TRIGGER","state":"NOT_STARTED"}],"operationType":"CREATE_FUNCTION"},"done":false}
[debug] [2026-02-07T13:55:33.033Z] [create-default-us-central1-onHugCreated] Retrying task index 0
[debug] [2026-02-07T13:55:33.033Z] Checked if tokens are valid: true, expires at: 1770475026243
[debug] [2026-02-07T13:55:33.033Z] Checked if tokens are valid: true, expires at: 1770475026243
[debug] [2026-02-07T13:55:33.034Z] >>> [apiv2][query] GET https://cloudfunctions.googleapis.com/v2/projects/hug-me-app-afb44/locations/us-central1/operations/operation-1770472528719-64a3c4228ad72-1359bf6f-7abf6991 [none]
[debug] [2026-02-07T13:55:33.759Z] <<< [apiv2][status] GET https://cloudfunctions.googleapis.com/v2/projects/hug-me-app-afb44/locations/us-central1/operations/operation-1770472528719-64a3c4228ad72-1359bf6f-7abf6991 200
[debug] [2026-02-07T13:55:33.759Z] <<< [apiv2][body] GET https://cloudfunctions.googleapis.com/v2/projects/hug-me-app-afb44/locations/us-central1/operations/operation-1770472528719-64a3c4228ad72-1359bf6f-7abf6991 {"name":"projects/hug-me-app-afb44/locations/us-central1/operations/operation-1770472528719-64a3c4228ad72-1359bf6f-7abf6991","metadata":{"@type":"type.googleapis.com/google.cloud.functions.v2.OperationMetadata","createTime":"2026-02-07T13:55:29.981354368Z","target":"projects/hug-me-app-afb44/locations/us-central1/functions/onHugCreated","verb":"create","cancelRequested":false,"apiVersion":"v2","requestResource":{"@type":"type.googleapis.com/google.cloud.functions.v2.Function","name":"projects/hug-me-app-afb44/locations/us-central1/functions/onHugCreated","buildConfig":{"runtime":"nodejs24","entryPoint":"onHugCreated","source":{"storageSource":{"bucket":"gcf-v2-sources-150030020437-us-central1","object":"onHugCreated/function-source.zip","generation":"1770472528955912"}},"environmentVariables":{"GOOGLE_NODE_RUN_SCRIPTS":""},"serviceAccount":"projects/hug-me-app-afb44/serviceAccounts/150030020437-compute@developer.gserviceaccount.com","automaticUpdatePolicy":{}},"serviceConfig":{"service":"projects/hug-me-app-afb44/locations/us-central1/services/onhugcreated","timeoutSeconds":60,"environmentVariables":{"FIREBASE_CONFIG":"{\"projectId\":\"hug-me-app-afb44\",\"storageBucket\":\"hug-me-app-afb44.firebasestorage.app\"}","GCLOUD_PROJECT":"hug-me-app-afb44","EVENTARC_CLOUD_EVENT_SOURCE":"projects/hug-me-app-afb44/locations/us-central1/services/onHugCreated","FUNCTION_SIGNATURE_TYPE":"cloudevent","FUNCTION_TARGET":"onHugCreated","LOG_EXECUTION_ID":"true"},"maxInstanceCount":10,"ingressSettings":"ALLOW_ALL","serviceAccountEmail":"150030020437-compute@developer.gserviceaccount.com","availableMemory":"256Mi","maxInstanceRequestConcurrency":80,"availableCpu":"1"},"eventTrigger":{"trigger":"projects/hug-me-app-afb44/locations/eur3/triggers/onhugcreated-350685","triggerRegion":"eur3","eventType":"google.cloud.firestore.document.v1.created","eventFilters":[{"attribute":"database","value":"(default)"},{"attribute":"namespace","value":"(default)"},{"attribute":"document","value":"hugs/{hugId}","operator":"match-path-pattern"}],"serviceAccountEmail":"150030020437-compute@developer.gserviceaccount.com","retryPolicy":"RETRY_POLICY_DO_NOT_RETRY"},"labels":{"deployment-tool":"cli-firebase","firebase-functions-hash":"384829ebf88dc94b5a465089ca5070b1fc5cb50a"},"environment":"GEN_2"},"stages":[{"name":"BUILD","state":"NOT_STARTED"},{"name":"SERVICE","state":"NOT_STARTED"},{"name":"TRIGGER","state":"NOT_STARTED"}],"operationType":"CREATE_FUNCTION"},"done":false}
[debug] [2026-02-07T13:55:35.761Z] [create-default-us-central1-onHugCreated] Retrying task index 0
[debug] [2026-02-07T13:55:35.761Z] Checked if tokens are valid: true, expires at: 1770475026243
[debug] [2026-02-07T13:55:35.761Z] Checked if tokens are valid: true, expires at: 1770475026243
[debug] [2026-02-07T13:55:35.761Z] >>> [apiv2][query] GET https://cloudfunctions.googleapis.com/v2/projects/hug-me-app-afb44/locations/us-central1/operations/operation-1770472528719-64a3c4228ad72-1359bf6f-7abf6991 [none]
[debug] [2026-02-07T13:55:36.482Z] <<< [apiv2][status] GET https://cloudfunctions.googleapis.com/v2/projects/hug-me-app-afb44/locations/us-central1/operations/operation-1770472528719-64a3c4228ad72-1359bf6f-7abf6991 200
[debug] [2026-02-07T13:55:36.482Z] <<< [apiv2][body] GET https://cloudfunctions.googleapis.com/v2/projects/hug-me-app-afb44/locations/us-central1/operations/operation-1770472528719-64a3c4228ad72-1359bf6f-7abf6991 {"name":"projects/hug-me-app-afb44/locations/us-central1/operations/operation-1770472528719-64a3c4228ad72-1359bf6f-7abf6991","metadata":{"@type":"type.googleapis.com/google.cloud.functions.v2.OperationMetadata","createTime":"2026-02-07T13:55:29.981354368Z","target":"projects/hug-me-app-afb44/locations/us-central1/functions/onHugCreated","verb":"create","cancelRequested":false,"apiVersion":"v2","requestResource":{"@type":"type.googleapis.com/google.cloud.functions.v2.Function","name":"projects/hug-me-app-afb44/locations/us-central1/functions/onHugCreated","buildConfig":{"runtime":"nodejs24","entryPoint":"onHugCreated","source":{"storageSource":{"bucket":"gcf-v2-sources-150030020437-us-central1","object":"onHugCreated/function-source.zip","generation":"1770472528955912"}},"environmentVariables":{"GOOGLE_NODE_RUN_SCRIPTS":""},"serviceAccount":"projects/hug-me-app-afb44/serviceAccounts/150030020437-compute@developer.gserviceaccount.com","automaticUpdatePolicy":{}},"serviceConfig":{"service":"projects/hug-me-app-afb44/locations/us-central1/services/onhugcreated","timeoutSeconds":60,"environmentVariables":{"FIREBASE_CONFIG":"{\"projectId\":\"hug-me-app-afb44\",\"storageBucket\":\"hug-me-app-afb44.firebasestorage.app\"}","GCLOUD_PROJECT":"hug-me-app-afb44","EVENTARC_CLOUD_EVENT_SOURCE":"projects/hug-me-app-afb44/locations/us-central1/services/onHugCreated","FUNCTION_SIGNATURE_TYPE":"cloudevent","FUNCTION_TARGET":"onHugCreated","LOG_EXECUTION_ID":"true"},"maxInstanceCount":10,"ingressSettings":"ALLOW_ALL","serviceAccountEmail":"150030020437-compute@developer.gserviceaccount.com","availableMemory":"256Mi","maxInstanceRequestConcurrency":80,"availableCpu":"1"},"eventTrigger":{"trigger":"projects/hug-me-app-afb44/locations/eur3/triggers/onhugcreated-350685","triggerRegion":"eur3","eventType":"google.cloud.firestore.document.v1.created","eventFilters":[{"attribute":"database","value":"(default)"},{"attribute":"namespace","value":"(default)"},{"attribute":"document","value":"hugs/{hugId}","operator":"match-path-pattern"}],"serviceAccountEmail":"150030020437-compute@developer.gserviceaccount.com","retryPolicy":"RETRY_POLICY_DO_NOT_RETRY"},"labels":{"deployment-tool":"cli-firebase","firebase-functions-hash":"384829ebf88dc94b5a465089ca5070b1fc5cb50a"},"environment":"GEN_2"},"stages":[{"name":"BUILD","state":"NOT_STARTED"},{"name":"SERVICE","state":"NOT_STARTED"},{"name":"TRIGGER","state":"NOT_STARTED"}],"operationType":"CREATE_FUNCTION"},"done":false}
[debug] [2026-02-07T13:55:40.483Z] [create-default-us-central1-onHugCreated] Retrying task index 0
[debug] [2026-02-07T13:55:40.484Z] Checked if tokens are valid: true, expires at: 1770475026243
[debug] [2026-02-07T13:55:40.484Z] Checked if tokens are valid: true, expires at: 1770475026243
[debug] [2026-02-07T13:55:40.484Z] >>> [apiv2][query] GET https://cloudfunctions.googleapis.com/v2/projects/hug-me-app-afb44/locations/us-central1/operations/operation-1770472528719-64a3c4228ad72-1359bf6f-7abf6991 [none]
[debug] [2026-02-07T13:55:41.217Z] <<< [apiv2][status] GET https://cloudfunctions.googleapis.com/v2/projects/hug-me-app-afb44/locations/us-central1/operations/operation-1770472528719-64a3c4228ad72-1359bf6f-7abf6991 200
[debug] [2026-02-07T13:55:41.218Z] <<< [apiv2][body] GET https://cloudfunctions.googleapis.com/v2/projects/hug-me-app-afb44/locations/us-central1/operations/operation-1770472528719-64a3c4228ad72-1359bf6f-7abf6991 {"name":"projects/hug-me-app-afb44/locations/us-central1/operations/operation-1770472528719-64a3c4228ad72-1359bf6f-7abf6991","metadata":{"@type":"type.googleapis.com/google.cloud.functions.v2.OperationMetadata","createTime":"2026-02-07T13:55:29.981354368Z","target":"projects/hug-me-app-afb44/locations/us-central1/functions/onHugCreated","verb":"create","cancelRequested":false,"apiVersion":"v2","requestResource":{"@type":"type.googleapis.com/google.cloud.functions.v2.Function","name":"projects/hug-me-app-afb44/locations/us-central1/functions/onHugCreated","buildConfig":{"runtime":"nodejs24","entryPoint":"onHugCreated","source":{"storageSource":{"bucket":"gcf-v2-sources-150030020437-us-central1","object":"onHugCreated/function-source.zip","generation":"1770472528955912"}},"environmentVariables":{"GOOGLE_NODE_RUN_SCRIPTS":""},"serviceAccount":"projects/hug-me-app-afb44/serviceAccounts/150030020437-compute@developer.gserviceaccount.com","automaticUpdatePolicy":{}},"serviceConfig":{"service":"projects/hug-me-app-afb44/locations/us-central1/services/onhugcreated","timeoutSeconds":60,"environmentVariables":{"FIREBASE_CONFIG":"{\"projectId\":\"hug-me-app-afb44\",\"storageBucket\":\"hug-me-app-afb44.firebasestorage.app\"}","GCLOUD_PROJECT":"hug-me-app-afb44","EVENTARC_CLOUD_EVENT_SOURCE":"projects/hug-me-app-afb44/locations/us-central1/services/onHugCreated","FUNCTION_SIGNATURE_TYPE":"cloudevent","FUNCTION_TARGET":"onHugCreated","LOG_EXECUTION_ID":"true"},"maxInstanceCount":10,"ingressSettings":"ALLOW_ALL","serviceAccountEmail":"150030020437-compute@developer.gserviceaccount.com","availableMemory":"256Mi","maxInstanceRequestConcurrency":80,"availableCpu":"1"},"eventTrigger":{"trigger":"projects/hug-me-app-afb44/locations/eur3/triggers/onhugcreated-350685","triggerRegion":"eur3","eventType":"google.cloud.firestore.document.v1.created","eventFilters":[{"attribute":"database","value":"(default)"},{"attribute":"namespace","value":"(default)"},{"attribute":"document","value":"hugs/{hugId}","operator":"match-path-pattern"}],"serviceAccountEmail":"150030020437-compute@developer.gserviceaccount.com","retryPolicy":"RETRY_POLICY_DO_NOT_RETRY"},"labels":{"deployment-tool":"cli-firebase","firebase-functions-hash":"384829ebf88dc94b5a465089ca5070b1fc5cb50a"},"environment":"GEN_2"},"stages":[{"name":"BUILD","state":"NOT_STARTED"},{"name":"SERVICE","state":"NOT_STARTED"},{"name":"TRIGGER","state":"NOT_STARTED"}],"operationType":"CREATE_FUNCTION"},"done":false}
[debug] [2026-02-07T13:55:49.219Z] [create-default-us-central1-onHugCreated] Retrying task index 0
[debug] [2026-02-07T13:55:49.224Z] Checked if tokens are valid: true, expires at: 1770475026243
[debug] [2026-02-07T13:55:49.224Z] Checked if tokens are valid: true, expires at: 1770475026243
[debug] [2026-02-07T13:55:49.225Z] >>> [apiv2][query] GET https://cloudfunctions.googleapis.com/v2/projects/hug-me-app-afb44/locations/us-central1/operations/operation-1770472528719-64a3c4228ad72-1359bf6f-7abf6991 [none]
[debug] [2026-02-07T13:55:50.177Z] <<< [apiv2][status] GET https://cloudfunctions.googleapis.com/v2/projects/hug-me-app-afb44/locations/us-central1/operations/operation-1770472528719-64a3c4228ad72-1359bf6f-7abf6991 200
[debug] [2026-02-07T13:55:50.177Z] <<< [apiv2][body] GET https://cloudfunctions.googleapis.com/v2/projects/hug-me-app-afb44/locations/us-central1/operations/operation-1770472528719-64a3c4228ad72-1359bf6f-7abf6991 {"name":"projects/hug-me-app-afb44/locations/us-central1/operations/operation-1770472528719-64a3c4228ad72-1359bf6f-7abf6991","metadata":{"@type":"type.googleapis.com/google.cloud.functions.v2.OperationMetadata","createTime":"2026-02-07T13:55:29.981354368Z","target":"projects/hug-me-app-afb44/locations/us-central1/functions/onHugCreated","verb":"create","cancelRequested":false,"apiVersion":"v2","requestResource":{"@type":"type.googleapis.com/google.cloud.functions.v2.Function","name":"projects/hug-me-app-afb44/locations/us-central1/functions/onHugCreated","buildConfig":{"runtime":"nodejs24","entryPoint":"onHugCreated","source":{"storageSource":{"bucket":"gcf-v2-sources-150030020437-us-central1","object":"onHugCreated/function-source.zip","generation":"1770472528955912"}},"environmentVariables":{"GOOGLE_NODE_RUN_SCRIPTS":""},"serviceAccount":"projects/hug-me-app-afb44/serviceAccounts/150030020437-compute@developer.gserviceaccount.com","automaticUpdatePolicy":{}},"serviceConfig":{"service":"projects/hug-me-app-afb44/locations/us-central1/services/onhugcreated","timeoutSeconds":60,"environmentVariables":{"FIREBASE_CONFIG":"{\"projectId\":\"hug-me-app-afb44\",\"storageBucket\":\"hug-me-app-afb44.firebasestorage.app\"}","GCLOUD_PROJECT":"hug-me-app-afb44","EVENTARC_CLOUD_EVENT_SOURCE":"projects/hug-me-app-afb44/locations/us-central1/services/onHugCreated","FUNCTION_SIGNATURE_TYPE":"cloudevent","FUNCTION_TARGET":"onHugCreated","LOG_EXECUTION_ID":"true"},"maxInstanceCount":10,"ingressSettings":"ALLOW_ALL","serviceAccountEmail":"150030020437-compute@developer.gserviceaccount.com","availableMemory":"256Mi","maxInstanceRequestConcurrency":80,"availableCpu":"1"},"eventTrigger":{"trigger":"projects/hug-me-app-afb44/locations/eur3/triggers/onhugcreated-350685","triggerRegion":"eur3","eventType":"google.cloud.firestore.document.v1.created","eventFilters":[{"attribute":"database","value":"(default)"},{"attribute":"namespace","value":"(default)"},{"attribute":"document","value":"hugs/{hugId}","operator":"match-path-pattern"}],"serviceAccountEmail":"150030020437-compute@developer.gserviceaccount.com","retryPolicy":"RETRY_POLICY_DO_NOT_RETRY"},"labels":{"deployment-tool":"cli-firebase","firebase-functions-hash":"384829ebf88dc94b5a465089ca5070b1fc5cb50a"},"environment":"GEN_2"},"stages":[{"name":"BUILD","message":"Build in progress","state":"IN_PROGRESS","resource":"projects/150030020437/locations/us-central1/builds/b194937f-ac9f-4c8c-8196-9c9ac162419f","resourceUri":"https://console.cloud.google.com/cloud-build/builds;region=us-central1/b194937f-ac9f-4c8c-8196-9c9ac162419f?project=150030020437"},{"name":"SERVICE","state":"NOT_STARTED"},{"name":"TRIGGER","state":"NOT_STARTED"}],"operationType":"CREATE_FUNCTION","buildName":"projects/150030020437/locations/us-central1/builds/b194937f-ac9f-4c8c-8196-9c9ac162419f"},"done":false}
[debug] [2026-02-07T13:56:00.179Z] [create-default-us-central1-onHugCreated] Retrying task index 0
[debug] [2026-02-07T13:56:00.180Z] Checked if tokens are valid: true, expires at: 1770475026243
[debug] [2026-02-07T13:56:00.180Z] Checked if tokens are valid: true, expires at: 1770475026243
[debug] [2026-02-07T13:56:00.180Z] >>> [apiv2][query] GET https://cloudfunctions.googleapis.com/v2/projects/hug-me-app-afb44/locations/us-central1/operations/operation-1770472528719-64a3c4228ad72-1359bf6f-7abf6991 [none]
[debug] [2026-02-07T13:56:01.026Z] <<< [apiv2][status] GET https://cloudfunctions.googleapis.com/v2/projects/hug-me-app-afb44/locations/us-central1/operations/operation-1770472528719-64a3c4228ad72-1359bf6f-7abf6991 200
[debug] [2026-02-07T13:56:01.026Z] <<< [apiv2][body] GET https://cloudfunctions.googleapis.com/v2/projects/hug-me-app-afb44/locations/us-central1/operations/operation-1770472528719-64a3c4228ad72-1359bf6f-7abf6991 {"name":"projects/hug-me-app-afb44/locations/us-central1/operations/operation-1770472528719-64a3c4228ad72-1359bf6f-7abf6991","metadata":{"@type":"type.googleapis.com/google.cloud.functions.v2.OperationMetadata","createTime":"2026-02-07T13:55:29.981354368Z","target":"projects/hug-me-app-afb44/locations/us-central1/functions/onHugCreated","verb":"create","cancelRequested":false,"apiVersion":"v2","requestResource":{"@type":"type.googleapis.com/google.cloud.functions.v2.Function","name":"projects/hug-me-app-afb44/locations/us-central1/functions/onHugCreated","buildConfig":{"runtime":"nodejs24","entryPoint":"onHugCreated","source":{"storageSource":{"bucket":"gcf-v2-sources-150030020437-us-central1","object":"onHugCreated/function-source.zip","generation":"1770472528955912"}},"environmentVariables":{"GOOGLE_NODE_RUN_SCRIPTS":""},"serviceAccount":"projects/hug-me-app-afb44/serviceAccounts/150030020437-compute@developer.gserviceaccount.com","automaticUpdatePolicy":{}},"serviceConfig":{"service":"projects/hug-me-app-afb44/locations/us-central1/services/onhugcreated","timeoutSeconds":60,"environmentVariables":{"FIREBASE_CONFIG":"{\"projectId\":\"hug-me-app-afb44\",\"storageBucket\":\"hug-me-app-afb44.firebasestorage.app\"}","GCLOUD_PROJECT":"hug-me-app-afb44","EVENTARC_CLOUD_EVENT_SOURCE":"projects/hug-me-app-afb44/locations/us-central1/services/onHugCreated","FUNCTION_SIGNATURE_TYPE":"cloudevent","FUNCTION_TARGET":"onHugCreated","LOG_EXECUTION_ID":"true"},"maxInstanceCount":10,"ingressSettings":"ALLOW_ALL","serviceAccountEmail":"150030020437-compute@developer.gserviceaccount.com","availableMemory":"256Mi","maxInstanceRequestConcurrency":80,"availableCpu":"1"},"eventTrigger":{"trigger":"projects/hug-me-app-afb44/locations/eur3/triggers/onhugcreated-350685","triggerRegion":"eur3","eventType":"google.cloud.firestore.document.v1.created","eventFilters":[{"attribute":"database","value":"(default)"},{"attribute":"namespace","value":"(default)"},{"attribute":"document","value":"hugs/{hugId}","operator":"match-path-pattern"}],"serviceAccountEmail":"150030020437-compute@developer.gserviceaccount.com","retryPolicy":"RETRY_POLICY_DO_NOT_RETRY"},"labels":{"deployment-tool":"cli-firebase","firebase-functions-hash":"384829ebf88dc94b5a465089ca5070b1fc5cb50a"},"environment":"GEN_2"},"stages":[{"name":"BUILD","message":"Build in progress","state":"IN_PROGRESS","resource":"projects/150030020437/locations/us-central1/builds/b194937f-ac9f-4c8c-8196-9c9ac162419f","resourceUri":"https://console.cloud.google.com/cloud-build/builds;region=us-central1/b194937f-ac9f-4c8c-8196-9c9ac162419f?project=150030020437"},{"name":"SERVICE","state":"NOT_STARTED"},{"name":"TRIGGER","state":"NOT_STARTED"}],"operationType":"CREATE_FUNCTION","buildName":"projects/150030020437/locations/us-central1/builds/b194937f-ac9f-4c8c-8196-9c9ac162419f"},"done":false}
[debug] [2026-02-07T13:56:11.029Z] [create-default-us-central1-onHugCreated] Retrying task index 0
[debug] [2026-02-07T13:56:11.029Z] Checked if tokens are valid: true, expires at: 1770475026243
[debug] [2026-02-07T13:56:11.029Z] Checked if tokens are valid: true, expires at: 1770475026243
[debug] [2026-02-07T13:56:11.029Z] >>> [apiv2][query] GET https://cloudfunctions.googleapis.com/v2/projects/hug-me-app-afb44/locations/us-central1/operations/operation-1770472528719-64a3c4228ad72-1359bf6f-7abf6991 [none]
[debug] [2026-02-07T13:56:11.968Z] <<< [apiv2][status] GET https://cloudfunctions.googleapis.com/v2/projects/hug-me-app-afb44/locations/us-central1/operations/operation-1770472528719-64a3c4228ad72-1359bf6f-7abf6991 200
[debug] [2026-02-07T13:56:11.968Z] <<< [apiv2][body] GET https://cloudfunctions.googleapis.com/v2/projects/hug-me-app-afb44/locations/us-central1/operations/operation-1770472528719-64a3c4228ad72-1359bf6f-7abf6991 {"name":"projects/hug-me-app-afb44/locations/us-central1/operations/operation-1770472528719-64a3c4228ad72-1359bf6f-7abf6991","metadata":{"@type":"type.googleapis.com/google.cloud.functions.v2.OperationMetadata","createTime":"2026-02-07T13:55:29.981354368Z","target":"projects/hug-me-app-afb44/locations/us-central1/functions/onHugCreated","verb":"create","cancelRequested":false,"apiVersion":"v2","requestResource":{"@type":"type.googleapis.com/google.cloud.functions.v2.Function","name":"projects/hug-me-app-afb44/locations/us-central1/functions/onHugCreated","buildConfig":{"runtime":"nodejs24","entryPoint":"onHugCreated","source":{"storageSource":{"bucket":"gcf-v2-sources-150030020437-us-central1","object":"onHugCreated/function-source.zip","generation":"1770472528955912"}},"environmentVariables":{"GOOGLE_NODE_RUN_SCRIPTS":""},"serviceAccount":"projects/hug-me-app-afb44/serviceAccounts/150030020437-compute@developer.gserviceaccount.com","automaticUpdatePolicy":{}},"serviceConfig":{"service":"projects/hug-me-app-afb44/locations/us-central1/services/onhugcreated","timeoutSeconds":60,"environmentVariables":{"FIREBASE_CONFIG":"{\"projectId\":\"hug-me-app-afb44\",\"storageBucket\":\"hug-me-app-afb44.firebasestorage.app\"}","GCLOUD_PROJECT":"hug-me-app-afb44","EVENTARC_CLOUD_EVENT_SOURCE":"projects/hug-me-app-afb44/locations/us-central1/services/onHugCreated","FUNCTION_SIGNATURE_TYPE":"cloudevent","FUNCTION_TARGET":"onHugCreated","LOG_EXECUTION_ID":"true"},"maxInstanceCount":10,"ingressSettings":"ALLOW_ALL","serviceAccountEmail":"150030020437-compute@developer.gserviceaccount.com","availableMemory":"256Mi","maxInstanceRequestConcurrency":80,"availableCpu":"1"},"eventTrigger":{"trigger":"projects/hug-me-app-afb44/locations/eur3/triggers/onhugcreated-350685","triggerRegion":"eur3","eventType":"google.cloud.firestore.document.v1.created","eventFilters":[{"attribute":"database","value":"(default)"},{"attribute":"namespace","value":"(default)"},{"attribute":"document","value":"hugs/{hugId}","operator":"match-path-pattern"}],"serviceAccountEmail":"150030020437-compute@developer.gserviceaccount.com","retryPolicy":"RETRY_POLICY_DO_NOT_RETRY"},"labels":{"deployment-tool":"cli-firebase","firebase-functions-hash":"384829ebf88dc94b5a465089ca5070b1fc5cb50a"},"environment":"GEN_2"},"stages":[{"name":"BUILD","message":"Build in progress","state":"IN_PROGRESS","resource":"projects/150030020437/locations/us-central1/builds/b194937f-ac9f-4c8c-8196-9c9ac162419f","resourceUri":"https://console.cloud.google.com/cloud-build/builds;region=us-central1/b194937f-ac9f-4c8c-8196-9c9ac162419f?project=150030020437"},{"name":"SERVICE","state":"NOT_STARTED"},{"name":"TRIGGER","state":"NOT_STARTED"}],"operationType":"CREATE_FUNCTION","buildName":"projects/150030020437/locations/us-central1/builds/b194937f-ac9f-4c8c-8196-9c9ac162419f"},"done":false}
[debug] [2026-02-07T13:56:21.970Z] [create-default-us-central1-onHugCreated] Retrying task index 0
[debug] [2026-02-07T13:56:21.971Z] Checked if tokens are valid: true, expires at: 1770475026243
[debug] [2026-02-07T13:56:21.971Z] Checked if tokens are valid: true, expires at: 1770475026243
[debug] [2026-02-07T13:56:21.971Z] >>> [apiv2][query] GET https://cloudfunctions.googleapis.com/v2/projects/hug-me-app-afb44/locations/us-central1/operations/operation-1770472528719-64a3c4228ad72-1359bf6f-7abf6991 [none]
[debug] [2026-02-07T13:56:22.413Z] <<< [apiv2][status] GET https://cloudfunctions.googleapis.com/v2/projects/hug-me-app-afb44/locations/us-central1/operations/operation-1770472528719-64a3c4228ad72-1359bf6f-7abf6991 200
[debug] [2026-02-07T13:56:22.414Z] <<< [apiv2][body] GET https://cloudfunctions.googleapis.com/v2/projects/hug-me-app-afb44/locations/us-central1/operations/operation-1770472528719-64a3c4228ad72-1359bf6f-7abf6991 {"name":"projects/hug-me-app-afb44/locations/us-central1/operations/operation-1770472528719-64a3c4228ad72-1359bf6f-7abf6991","metadata":{"@type":"type.googleapis.com/google.cloud.functions.v2.OperationMetadata","createTime":"2026-02-07T13:55:29.981354368Z","target":"projects/hug-me-app-afb44/locations/us-central1/functions/onHugCreated","verb":"create","cancelRequested":false,"apiVersion":"v2","requestResource":{"@type":"type.googleapis.com/google.cloud.functions.v2.Function","name":"projects/hug-me-app-afb44/locations/us-central1/functions/onHugCreated","buildConfig":{"runtime":"nodejs24","entryPoint":"onHugCreated","source":{"storageSource":{"bucket":"gcf-v2-sources-150030020437-us-central1","object":"onHugCreated/function-source.zip","generation":"1770472528955912"}},"environmentVariables":{"GOOGLE_NODE_RUN_SCRIPTS":""},"serviceAccount":"projects/hug-me-app-afb44/serviceAccounts/150030020437-compute@developer.gserviceaccount.com","automaticUpdatePolicy":{}},"serviceConfig":{"service":"projects/hug-me-app-afb44/locations/us-central1/services/onhugcreated","timeoutSeconds":60,"environmentVariables":{"FIREBASE_CONFIG":"{\"projectId\":\"hug-me-app-afb44\",\"storageBucket\":\"hug-me-app-afb44.firebasestorage.app\"}","GCLOUD_PROJECT":"hug-me-app-afb44","EVENTARC_CLOUD_EVENT_SOURCE":"projects/hug-me-app-afb44/locations/us-central1/services/onHugCreated","FUNCTION_SIGNATURE_TYPE":"cloudevent","FUNCTION_TARGET":"onHugCreated","LOG_EXECUTION_ID":"true"},"maxInstanceCount":10,"ingressSettings":"ALLOW_ALL","serviceAccountEmail":"150030020437-compute@developer.gserviceaccount.com","availableMemory":"256Mi","maxInstanceRequestConcurrency":80,"availableCpu":"1"},"eventTrigger":{"trigger":"projects/hug-me-app-afb44/locations/eur3/triggers/onhugcreated-350685","triggerRegion":"eur3","eventType":"google.cloud.firestore.document.v1.created","eventFilters":[{"attribute":"database","value":"(default)"},{"attribute":"namespace","value":"(default)"},{"attribute":"document","value":"hugs/{hugId}","operator":"match-path-pattern"}],"serviceAccountEmail":"150030020437-compute@developer.gserviceaccount.com","retryPolicy":"RETRY_POLICY_DO_NOT_RETRY"},"labels":{"deployment-tool":"cli-firebase","firebase-functions-hash":"384829ebf88dc94b5a465089ca5070b1fc5cb50a"},"environment":"GEN_2"},"stages":[{"name":"BUILD","message":"Build in progress","state":"IN_PROGRESS","resource":"projects/150030020437/locations/us-central1/builds/b194937f-ac9f-4c8c-8196-9c9ac162419f","resourceUri":"https://console.cloud.google.com/cloud-build/builds;region=us-central1/b194937f-ac9f-4c8c-8196-9c9ac162419f?project=150030020437"},{"name":"SERVICE","state":"NOT_STARTED"},{"name":"TRIGGER","state":"NOT_STARTED"}],"operationType":"CREATE_FUNCTION","buildName":"projects/150030020437/locations/us-central1/builds/b194937f-ac9f-4c8c-8196-9c9ac162419f"},"done":false}
[debug] [2026-02-07T13:56:32.416Z] [create-default-us-central1-onHugCreated] Retrying task index 0
[debug] [2026-02-07T13:56:32.418Z] Checked if tokens are valid: true, expires at: 1770475026243
[debug] [2026-02-07T13:56:32.423Z] Checked if tokens are valid: true, expires at: 1770475026243
[debug] [2026-02-07T13:56:32.423Z] >>> [apiv2][query] GET https://cloudfunctions.googleapis.com/v2/projects/hug-me-app-afb44/locations/us-central1/operations/operation-1770472528719-64a3c4228ad72-1359bf6f-7abf6991 [none]
[debug] [2026-02-07T13:56:33.276Z] <<< [apiv2][status] GET https://cloudfunctions.googleapis.com/v2/projects/hug-me-app-afb44/locations/us-central1/operations/operation-1770472528719-64a3c4228ad72-1359bf6f-7abf6991 200
[debug] [2026-02-07T13:56:33.277Z] <<< [apiv2][body] GET https://cloudfunctions.googleapis.com/v2/projects/hug-me-app-afb44/locations/us-central1/operations/operation-1770472528719-64a3c4228ad72-1359bf6f-7abf6991 {"name":"projects/hug-me-app-afb44/locations/us-central1/operations/operation-1770472528719-64a3c4228ad72-1359bf6f-7abf6991","metadata":{"@type":"type.googleapis.com/google.cloud.functions.v2.OperationMetadata","createTime":"2026-02-07T13:55:29.981354368Z","target":"projects/hug-me-app-afb44/locations/us-central1/functions/onHugCreated","verb":"create","cancelRequested":false,"apiVersion":"v2","requestResource":{"@type":"type.googleapis.com/google.cloud.functions.v2.Function","name":"projects/hug-me-app-afb44/locations/us-central1/functions/onHugCreated","buildConfig":{"runtime":"nodejs24","entryPoint":"onHugCreated","source":{"storageSource":{"bucket":"gcf-v2-sources-150030020437-us-central1","object":"onHugCreated/function-source.zip","generation":"1770472528955912"}},"environmentVariables":{"GOOGLE_NODE_RUN_SCRIPTS":""},"serviceAccount":"projects/hug-me-app-afb44/serviceAccounts/150030020437-compute@developer.gserviceaccount.com","automaticUpdatePolicy":{}},"serviceConfig":{"service":"projects/hug-me-app-afb44/locations/us-central1/services/onhugcreated","timeoutSeconds":60,"environmentVariables":{"FIREBASE_CONFIG":"{\"projectId\":\"hug-me-app-afb44\",\"storageBucket\":\"hug-me-app-afb44.firebasestorage.app\"}","GCLOUD_PROJECT":"hug-me-app-afb44","EVENTARC_CLOUD_EVENT_SOURCE":"projects/hug-me-app-afb44/locations/us-central1/services/onHugCreated","FUNCTION_SIGNATURE_TYPE":"cloudevent","FUNCTION_TARGET":"onHugCreated","LOG_EXECUTION_ID":"true"},"maxInstanceCount":10,"ingressSettings":"ALLOW_ALL","serviceAccountEmail":"150030020437-compute@developer.gserviceaccount.com","availableMemory":"256Mi","maxInstanceRequestConcurrency":80,"availableCpu":"1"},"eventTrigger":{"trigger":"projects/hug-me-app-afb44/locations/eur3/triggers/onhugcreated-350685","triggerRegion":"eur3","eventType":"google.cloud.firestore.document.v1.created","eventFilters":[{"attribute":"database","value":"(default)"},{"attribute":"namespace","value":"(default)"},{"attribute":"document","value":"hugs/{hugId}","operator":"match-path-pattern"}],"serviceAccountEmail":"150030020437-compute@developer.gserviceaccount.com","retryPolicy":"RETRY_POLICY_DO_NOT_RETRY"},"labels":{"deployment-tool":"cli-firebase","firebase-functions-hash":"384829ebf88dc94b5a465089ca5070b1fc5cb50a"},"environment":"GEN_2"},"stages":[{"name":"BUILD","message":"Build in progress","state":"IN_PROGRESS","resource":"projects/150030020437/locations/us-central1/builds/b194937f-ac9f-4c8c-8196-9c9ac162419f","resourceUri":"https://console.cloud.google.com/cloud-build/builds;region=us-central1/b194937f-ac9f-4c8c-8196-9c9ac162419f?project=150030020437"},{"name":"SERVICE","state":"NOT_STARTED"},{"name":"TRIGGER","state":"NOT_STARTED"}],"operationType":"CREATE_FUNCTION","buildName":"projects/150030020437/locations/us-central1/builds/b194937f-ac9f-4c8c-8196-9c9ac162419f"},"done":false}
[debug] [2026-02-07T13:56:43.277Z] [create-default-us-central1-onHugCreated] Retrying task index 0
[debug] [2026-02-07T13:56:43.278Z] Checked if tokens are valid: true, expires at: 1770475026243
[debug] [2026-02-07T13:56:43.279Z] Checked if tokens are valid: true, expires at: 1770475026243
[debug] [2026-02-07T13:56:43.279Z] >>> [apiv2][query] GET https://cloudfunctions.googleapis.com/v2/projects/hug-me-app-afb44/locations/us-central1/operations/operation-1770472528719-64a3c4228ad72-1359bf6f-7abf6991 [none]
[debug] [2026-02-07T13:56:44.206Z] <<< [apiv2][status] GET https://cloudfunctions.googleapis.com/v2/projects/hug-me-app-afb44/locations/us-central1/operations/operation-1770472528719-64a3c4228ad72-1359bf6f-7abf6991 200
[debug] [2026-02-07T13:56:44.206Z] <<< [apiv2][body] GET https://cloudfunctions.googleapis.com/v2/projects/hug-me-app-afb44/locations/us-central1/operations/operation-1770472528719-64a3c4228ad72-1359bf6f-7abf6991 {"name":"projects/hug-me-app-afb44/locations/us-central1/operations/operation-1770472528719-64a3c4228ad72-1359bf6f-7abf6991","metadata":{"@type":"type.googleapis.com/google.cloud.functions.v2.OperationMetadata","createTime":"2026-02-07T13:55:29.981354368Z","endTime":"2026-02-07T13:56:36.894636748Z","target":"projects/hug-me-app-afb44/locations/us-central1/functions/onHugCreated","verb":"create","cancelRequested":false,"apiVersion":"v2","requestResource":{"@type":"type.googleapis.com/google.cloud.functions.v2.Function","name":"projects/hug-me-app-afb44/locations/us-central1/functions/onHugCreated","buildConfig":{"runtime":"nodejs24","entryPoint":"onHugCreated","source":{"storageSource":{"bucket":"gcf-v2-sources-150030020437-us-central1","object":"onHugCreated/function-source.zip","generation":"1770472528955912"}},"environmentVariables":{"GOOGLE_NODE_RUN_SCRIPTS":""},"serviceAccount":"projects/hug-me-app-afb44/serviceAccounts/150030020437-compute@developer.gserviceaccount.com","automaticUpdatePolicy":{}},"serviceConfig":{"service":"projects/hug-me-app-afb44/locations/us-central1/services/onhugcreated","timeoutSeconds":60,"environmentVariables":{"FIREBASE_CONFIG":"{\"projectId\":\"hug-me-app-afb44\",\"storageBucket\":\"hug-me-app-afb44.firebasestorage.app\"}","GCLOUD_PROJECT":"hug-me-app-afb44","EVENTARC_CLOUD_EVENT_SOURCE":"projects/hug-me-app-afb44/locations/us-central1/services/onHugCreated","FUNCTION_SIGNATURE_TYPE":"cloudevent","FUNCTION_TARGET":"onHugCreated","LOG_EXECUTION_ID":"true"},"maxInstanceCount":10,"ingressSettings":"ALLOW_ALL","serviceAccountEmail":"150030020437-compute@developer.gserviceaccount.com","availableMemory":"256Mi","maxInstanceRequestConcurrency":80,"availableCpu":"1"},"eventTrigger":{"trigger":"projects/hug-me-app-afb44/locations/eur3/triggers/onhugcreated-350685","triggerRegion":"eur3","eventType":"google.cloud.firestore.document.v1.created","eventFilters":[{"attribute":"database","value":"(default)"},{"attribute":"namespace","value":"(default)"},{"attribute":"document","value":"hugs/{hugId}","operator":"match-path-pattern"}],"serviceAccountEmail":"150030020437-compute@developer.gserviceaccount.com","retryPolicy":"RETRY_POLICY_DO_NOT_RETRY"},"labels":{"deployment-tool":"cli-firebase","firebase-functions-hash":"384829ebf88dc94b5a465089ca5070b1fc5cb50a"},"environment":"GEN_2"},"stages":[{"name":"ARTIFACT_REGISTRY","message":"Deleting function artifacts in Artifact Registry","state":"COMPLETE"},{"name":"SERVICE","message":"Deleting Cloud Run service","state":"COMPLETE","resource":"projects/hug-me-app-afb44/locations/us-central1/services/onhugcreated"},{"name":"TRIGGER","message":"Deleting Eventarc trigger","state":"COMPLETE","resource":"projects/hug-me-app-afb44/locations/eur3/triggers/onhugcreated-350685"}],"operationType":"CREATE_FUNCTION"},"done":true,"error":{"code":3,"message":"Build failed with status: FAILURE and message: npm error code EUSAGE\nnpm error\nnpm error `npm ci` can only install packages when your package.json and package-lock.json or npm-shrinkwrap.json are in sync. Please update your lock file with `npm install` before continuing.\nnpm error\nnpm error Missing: jest@30.2.0 from lock file\nnpm error Missing: @jest/core@30.2.0 from lock file\nnpm error Missing: @jest/types@30.2.0 from lock file\nnpm error Missing: import-local@3.2.0 from lock file\nnpm error Missing: jest-cli@30.2.0 from lock file\nnpm error Missing: @jest/console@30.2.0 from lock file\nnpm error Missing: @jest/pattern@30.0.1 from lock file\nnpm error Missing: @jest/reporters@30.2.0 from lock file\nnpm error Missing: @jest/test-result@30.2.0 from lock file\nnpm error Missing: @jest/transform@30.2.0 from lock file\nnpm error Missing: ansi-escapes@4.3.2 from lock file\nnpm error Missing: ci-info@4.4.0 from lock file\nnpm error Missing: exit-x@0.2.2 from lock file\nnpm error Missing: graceful-fs@4.2.11 from lock file\nnpm error Missing: jest-changed-files@30.2.0 from lock file\nnpm error Missing: jest-config@30.2.0 from lock file\nnpm error Missing: jest-haste-map@30.2.0 from lock file\nnpm error Missing: jest-message-util@30.2.0 from lock file\nnpm error Missing: jest-regex-util@30.0.1 from lock file\nnpm error Missing: jest-resolve@30.2.0 from lock file\nnpm error Missing: jest-resolve-dependencies@30.2.0 from lock file\nnpm error Missing: jest-runner@30.2.0 from lock file\nnpm error Missing: jest-runtime@30.2.0 from lock file\nnpm error Missing: jest-snapshot@30.2.0 from lock file\nnpm error Missing: jest-util@30.2.0 from lock file\nnpm error Missing: jest-validate@30.2.0 from lock file\nnpm error Missing: jest-watcher@30.2.0 from lock file\nnpm error Missing: pretty-format@30.2.0 from lock file\nnpm error Missing: @bcoe/v8-coverage@0.2.3 from lock file\nnpm error Missing: @jridgewell/trace-mapping@0.3.31 from lock file\nnpm error Missing: collect-v8-coverage@1.0.3 from lock file\nnpm error Missing: glob@10.5.0 from lock file\nnpm error Missing: istanbul-lib-coverage@3.2.2 from lock file\nnpm error Missing: istanbul-lib-instrument@6.0.3 from lock file\nnpm error Missing: istanbul-lib-report@3.0.1 from lock file\nnpm error Missing: istanbul-lib-source-maps@5.0.6 from lock file\nnpm error Missing: istanbul-reports@3.2.0 from lock file\nnpm error Missing: jest-worker@30.2.0 from lock file\nnpm error Missing: string-length@4.0.2 from lock file\nnpm error Missing: v8-to-istanbul@9.3.0 from lock file\nnpm error Missing: @types/istanbul-lib-coverage@2.0.6 from lock file\nnpm error Missing: @babel/core@7.29.0 from lock file\nnpm error Missing: babel-plugin-istanbul@7.0.1 from lock file\nnpm error Missing: convert-source-map@2.0.0 from lock file\nnpm error Missing: pirates@4.0.7 from lock file\nnpm error Missing: write-file-atomic@5.0.1 from lock file\nnpm error Missing: @babel/code-frame@7.29.0 from lock file\nnpm error Missing: @babel/generator@7.29.1 from lock file\nnpm error Missing: @babel/helper-compilation-targets@7.28.6 from lock file\nnpm error Missing: @babel/helper-module-transforms@7.28.6 from lock file\nnpm error Missing: @babel/helpers@7.28.6 from lock file\nnpm error Missing: @babel/parser@7.29.0 from lock file\nnpm error Missing: @babel/template@7.28.6 from lock file\nnpm error Missing: @babel/traverse@7.29.0 from lock file\nnpm error Missing: @babel/types@7.29.0 from lock file\nnpm error Missing: @jridgewell/remapping@2.3.5 from lock file\nnpm error Missing: gensync@1.0.0-beta.2 from lock file\nnpm error Missing: json5@2.2.3 from lock file\nnpm error Missing: semver@6.3.1 from lock file\nnpm error Missing: @babel/helper-validator-identifier@7.28.5 from lock file\nnpm error Missing: js-tokens@4.0.0 from lock file\nnpm error Missing: picocolors@1.1.1 from lock file\nnpm error Missing: @jridgewell/gen-mapping@0.3.13 from lock file\nnpm error Missing: jsesc@3.1.0 from lock file\nnpm error Missing: @babel/compat-data@7.29.0 from lock file\nnpm error Missing: @babel/helper-validator-option@7.27.1 from lock file\nnpm error Missing: browserslist@4.28.1 from lock file\nnpm error Missing: lru-cache@5.1.1 from lock file\nnpm error Missing: semver@6.3.1 from lock file\nnpm error Missing: @babel/helper-module-imports@7.28.6 from lock file\nnpm error Missing: @babel/helper-globals@7.28.0 from lock file\nnpm error Missing: @babel/helper-string-parser@7.27.1 from lock file\nnpm error Missing: @jest/schemas@30.0.5 from lock file\nnpm error Missing: @types/istanbul-reports@3.0.4 from lock file\nnpm error Missing: @types/yargs@17.0.35 from lock file\nnpm error Missing: @sinclair/typebox@0.34.48 from lock file\nnpm error Missing: @jridgewell/sourcemap-codec@1.5.5 from lock file\nnpm error Missing: @jridgewell/resolve-uri@3.1.2 from lock file\nnpm error Missing: @types/istanbul-lib-report@3.0.3 from lock file\nnpm error Missing: @types/yargs-parser@21.0.3 from lock file\nnpm error Missing: type-fest@0.21.3 from lock file\nnpm error Missing: @babel/helper-plugin-utils@7.28.6 from lock file\nnpm error Missing: @istanbuljs/load-nyc-config@1.1.0 from lock file\nnpm error Missing: @istanbuljs/schema@0.1.3 from lock file\nnpm error Missing: test-exclude@6.0.0 from lock file\nnpm error Missing: camelcase@5.3.1 from lock file\nnpm error Missing: find-up@4.1.0 from lock file\nnpm error Missing: get-package-type@0.1.0 from lock file\nnpm error Missing: js-yaml@3.14.2 from lock file\nnpm error Missing: resolve-from@5.0.0 from lock file\nnpm error Missing: baseline-browser-mapping@2.9.19 from lock file\nnpm error Missing: caniuse-lite@1.0.30001769 from lock file\nnpm error Missing: electron-to-chromium@1.5.286 from lock file\nnpm error Missing: node-releases@2.0.27 from lock file\nnpm error Missing: update-browserslist-db@1.2.3 from lock file\nnpm error Missing: pkg-dir@4.2.0 from lock file\nnpm error Missing: resolve-cwd@3.0.0 from lock file\nnpm error Missing: make-dir@4.0.0 from lock file\nnpm error Missing: html-escaper@2.0.2 from lock file\nnpm error Missing: execa@5.1.1 from lock file\nnpm error Missing: get-stream@6.0.1 from lock file\nnpm error Missing: human-signals@2.1.0 from lock file\nnpm error Missing: merge-stream@2.0.0 from lock file\nnpm error Missing: npm-run-path@4.0.1 from lock file\nnpm error Missing: onetime@5.1.2 from lock file\nnpm error Missing: signal-exit@3.0.7 from lock file\nnpm error Missing: strip-final-newline@2.0.0 from lock file\nnpm error Missing: @jest/get-type@30.1.0 from lock file\nnpm error Missing: @jest/test-sequencer@30.2.0 from lock file\nnpm error Missing: babel-jest@30.2.0 from lock file\nnpm error Missing: deepmerge@4.3.1 from lock file\nnpm error Missing: glob@10.5.0 from lock file\nnpm error Missing: jest-circus@30.2.0 from lock file\nnpm error Missing: jest-docblock@30.2.0 from lock file\nnpm error Missing: jest-environment-node@30.2.0 from lock file\nnpm error Missing: parse-json@5.2.0 from lock file\nnpm error Missing: @types/babel__core@7.20.5 from lock file\nnpm error Missing: babel-preset-jest@30.2.0 from lock file\nnpm error Missing: @types/babel__generator@7.27.0 from lock file\nnpm error Missing: @types/babel__template@7.4.4 from lock file\nnpm error Missing: @types/babel__traverse@7.28.0 from lock file\nnpm error Missing: babel-plugin-jest-hoist@30.2.0 from lock file\nnpm error Missing: babel-preset-current-node-syntax@1.2.0 from lock file\nnpm error Missing: @babel/plugin-syntax-async-generators@7.8.4 from lock file\nnpm error Missing: @babel/plugin-syntax-bigint@7.8.3 from lock file\nnpm error Missing: @babel/plugin-syntax-class-properties@7.12.13 from lock file\nnpm error Missing: @babel/plugin-syntax-class-static-block@7.14.5 from lock file\nnpm error Missing: @babel/plugin-syntax-import-attributes@7.28.6 from lock file\nnpm error Missing: @babel/plugin-syntax-import-meta@7.10.4 from lock file\nnpm error Missing: @babel/plugin-syntax-json-strings@7.8.3 from lock file\nnpm error Missing: @babel/plugin-syntax-logical-assignment-operators@7.10.4 from lock file\nnpm error Missing: @babel/plugin-syntax-nullish-coalescing-operator@7.8.3 from lock file\nnpm error Missing: @babel/plugin-syntax-numeric-separator@7.10.4 from lock file\nnpm error Missing: @babel/plugin-syntax-object-rest-spread@7.8.3 from lock file\nnpm error Missing: @babel/plugin-syntax-optional-catch-binding@7.8.3 from lock file\nnpm error Missing: @babel/plugin-syntax-optional-chaining@7.8.3 from lock file\nnpm error Missing: @babel/plugin-syntax-private-property-in-object@7.14.5 from lock file\nnpm error Missing: @babel/plugin-syntax-top-level-await@7.14.5 from lock file\nnpm error Missing: @jest/environment@30.2.0 from lock file\nnpm error Missing: @jest/expect@30.2.0 from lock file\nnpm error Missing: co@4.6.0 from lock file\nnpm error Missing: dedent@1.7.1 from lock file\nnpm error Missing: is-generator-fn@2.1.0 from lock file\nnpm error Missing: jest-each@30.2.0 from lock file\nnpm error Missing: jest-matcher-utils@30.2.0 from lock file\nnpm error Missing: pure-rand@7.0.1 from lock file\nnpm error Missing: stack-utils@2.0.6 from lock file\nnpm error Missing: @jest/fake-timers@30.2.0 from lock file\nnpm error Missing: jest-mock@30.2.0 from lock file\nnpm error Missing: expect@30.2.0 from lock file\nnpm error Missing: @sinonjs/fake-timers@13.0.5 from lock file\nnpm error Missing: @sinonjs/commons@3.0.1 from lock file\nnpm error Missing: type-detect@4.0.8 from lock file\nnpm error Missing: @jest/expect-utils@30.2.0 from lock file\nnpm error Missing: detect-newline@3.1.0 from lock file\nnpm error Missing: anymatch@3.1.3 from lock file\nnpm error Missing: fb-watchman@2.0.2 from lock file\nnpm error Missing: fsevents@2.3.3 from lock file\nnpm error Missing: walker@1.0.8 from lock file\nnpm error Missing: normalize-path@3.0.0 from lock file\nnpm error Missing: bser@2.1.1 from lock file\nnpm error Missing: node-int64@0.4.0 from lock file\nnpm error Missing: jest-diff@30.2.0 from lock file\nnpm error Missing: @jest/diff-sequences@30.0.1 from lock file\nnpm error Missing: @types/stack-utils@2.0.3 from lock file\nnpm error Missing: jest-pnp-resolver@1.2.3 from lock file\nnpm error Missing: unrs-resolver@1.11.1 from lock file\nnpm error Missing: emittery@0.13.1 from lock file\nnpm error Missing: jest-leak-detector@30.2.0 from lock file\nnpm error Missing: source-map-support@0.5.13 from lock file\nnpm error Missing: @jest/globals@30.2.0 from lock file\nnpm error Missing: @jest/source-map@30.0.1 from lock file\nnpm error Missing: cjs-module-lexer@2.2.0 from lock file\nnpm error Missing: glob@10.5.0 from lock file\nnpm error Missing: strip-bom@4.0.0 from lock file\nnpm error Missing: @babel/plugin-syntax-jsx@7.28.6 from lock file\nnpm error Missing: @babel/plugin-syntax-typescript@7.28.6 from lock file\nnpm error Missing: @jest/snapshot-utils@30.2.0 from lock file\nnpm error Missing: synckit@0.11.12 from lock file\nnpm error Missing: picomatch@4.0.3 from lock file\nnpm error Missing: camelcase@6.3.0 from lock file\nnpm error Missing: leven@3.1.0 from lock file\nnpm error Missing: supports-color@8.1.1 from lock file\nnpm error Missing: mimic-fn@2.1.0 from lock file\nnpm error Missing: error-ex@1.3.4 from lock file\nnpm error Missing: json-parse-even-better-errors@2.3.1 from lock file\nnpm error Missing: lines-and-columns@1.2.4 from lock file\nnpm error Missing: is-arrayish@0.2.1 from lock file\nnpm error Missing: find-up@4.1.0 from lock file\nnpm error Missing: ansi-styles@5.2.0 from lock file\nnpm error Missing: react-is@18.3.1 from lock file\nnpm error Missing: resolve-from@5.0.0 from lock file\nnpm error Missing: buffer-from@1.1.2 from lock file\nnpm error Missing: source-map@0.6.1 from lock file\nnpm error Missing: escape-string-regexp@2.0.0 from lock file\nnpm error Missing: char-regex@1.0.2 from lock file\nnpm error Missing: @pkgr/core@0.2.9 from lock file\nnpm error Missing: @unrs/resolver-binding-android-arm-eabi@1.11.1 from lock file\nnpm error Missing: @unrs/resolver-binding-android-arm64@1.11.1 from lock file\nnpm error Missing: @unrs/resolver-binding-darwin-arm64@1.11.1 from lock file\nnpm error Missing: @unrs/resolver-binding-darwin-x64@1.11.1 from lock file\nnpm error Missing: @unrs/resolver-binding-freebsd-x64@1.11.1 from lock file\nnpm error Missing: @unrs/resolver-binding-linux-arm-gnueabihf@1.11.1 from lock file\nnpm error Missing: @unrs/resolver-binding-linux-arm-musleabihf@1.11.1 from lock file\nnpm error Missing: @unrs/resolver-binding-linux-arm64-gnu@1.11.1 from lock file\nnpm error Missing: @unrs/resolver-binding-linux-arm64-musl@1.11.1 from lock file\nnpm error Missing: @unrs/resolver-binding-linux-ppc64-gnu@1.11.1 from lock file\nnpm error Missing: @unrs/resolver-binding-linux-riscv64-gnu@1.11.1 from lock file\nnpm error Missing: @unrs/resolver-binding-linux-riscv64-musl@1.11.1 from lock file\nnpm error Missing: @unrs/resolver-binding-linux-s390x-gnu@1.11.1 from lock file\nnpm error Missing: @unrs/resolver-binding-linux-x64-gnu@1.11.1 from lock file\nnpm error Missing: @unrs/resolver-binding-linux-x64-musl@1.11.1 from lock file\nnpm error Missing: @unrs/resolver-binding-wasm32-wasi@1.11.1 from lock file\nnpm error Missing: @unrs/resolver-binding-win32-arm64-msvc@1.11.1 from lock file\nnpm error Missing: @unrs/resolver-binding-win32-ia32-msvc@1.11.1 from lock file\nnpm error Missing: @unrs/resolver-binding-win32-x64-msvc@1.11.1 from lock file\nnpm error Missing: napi-postinstall@0.3.4 from lock file\nnpm error Missing: @napi-rs/wasm-runtime@0.2.12 from lock file\nnpm error Missing: @emnapi/core@1.8.1 from lock file\nnpm error Missing: @emnapi/runtime@1.8.1 from lock file\nnpm error Missing: @tybys/wasm-util@0.10.1 from lock file\nnpm error Missing: @emnapi/wasi-threads@1.1.0 from lock file\nnpm error Missing: makeerror@1.0.12 from lock file\nnpm error Missing: tmpl@1.0.5 from lock file\nnpm error Missing: signal-exit@4.1.0 from lock file\nnpm error Missing: yallist@3.1.1 from lock file\nnpm error Missing: locate-path@5.0.0 from lock file\nnpm error Missing: argparse@1.0.10 from lock file\nnpm error Missing: esprima@4.0.1 from lock file\nnpm error Missing: sprintf-js@1.0.3 from lock file\nnpm error Missing: p-locate@4.1.0 from lock file\nnpm error Missing: p-limit@2.3.0 from lock file\nnpm error Missing: p-try@2.2.0 from lock file\nnpm error Missing: foreground-child@3.3.1 from lock file\nnpm error Missing: jackspeak@3.4.3 from lock file\nnpm error Missing: minimatch@9.0.5 from lock file\nnpm error Missing: minipass@7.1.2 from lock file\nnpm error Missing: package-json-from-dist@1.0.1 from lock file\nnpm error Missing: path-scurry@1.11.1 from lock file\nnpm error Missing: signal-exit@4.1.0 from lock file\nnpm error Missing: @isaacs/cliui@8.0.2 from lock file\nnpm error Missing: @pkgjs/parseargs@0.11.0 from lock file\nnpm error Missing: string-width@5.1.2 from lock file\nnpm error Missing: string-width-cjs@4.2.3 from lock file\nnpm error Missing: strip-ansi@7.1.2 from lock file\nnpm error Missing: strip-ansi-cjs@6.0.1 from lock file\nnpm error Missing: wrap-ansi@8.1.0 from lock file\nnpm error Missing: wrap-ansi-cjs@7.0.0 from lock file\nnpm error Missing: lru-cache@10.4.3 from lock file\nnpm error Missing: eastasianwidth@0.2.0 from lock file\nnpm error Missing: emoji-regex@9.2.2 from lock file\nnpm error Missing: ansi-regex@6.2.2 from lock file\nnpm error Missing: ansi-styles@6.2.3 from lock file\nnpm error Missing: brace-expansion@2.0.2 from lock file\nnpm error Missing: minimatch@9.0.5 from lock file\nnpm error Missing: brace-expansion@2.0.2 from lock file\nnpm error Missing: minimatch@9.0.5 from lock file\nnpm error Missing: brace-expansion@2.0.2 from lock file\nnpm error Missing: locate-path@5.0.0 from lock file\nnpm error Missing: p-locate@4.1.0 from lock file\nnpm error Missing: p-limit@2.3.0 from lock file\nnpm error\nnpm error Clean install a project\nnpm error\nnpm error Usage:\nnpm error npm ci\nnpm error\nnpm error Options:\nnpm error [--install-strategy <hoisted|nested|shallow|linked>] [--legacy-bundling]\nnpm error [--global-style] [--omit <dev|optional|peer> [--omit <dev|optional|peer> ...]]\nnpm error [--include <prod|dev|optional|peer> [--include <prod|dev|optional|peer> ...]]\nnpm error [--strict-peer-deps] [--foreground-scripts] [--ignore-scripts] [--no-audit]\nnpm error [--no-bin-links] [--no-fund] [--dry-run]\nnpm error [-w|--workspace <workspace-name> [-w|--workspace <workspace-name> ...]]\nnpm error [--workspaces] [--include-workspace-root] [--install-links]\nnpm error\nnpm error aliases: clean-install, ic, install-clean, isntall-clean\nnpm error\nnpm error Run \"npm help ci\" for more info\nnpm error A complete log of this run can be found in: /www-data-home/.npm/_logs/2026-02-07T13_56_00_386Z-debug-0.log. For more details see the logs at https://console.cloud.google.com/cloud-build/builds;region=us-central1/b194937f-ac9f-4c8c-8196-9c9ac162419f?project=150030020437."}}
[debug] [2026-02-07T13:56:44.207Z] Got source token undefined for region us-central1
[error] Build failed with status: FAILURE and message: npm error code EUSAGE
npm error
npm error `npm ci` can only install packages when your package.json and package-lock.json or npm-shrinkwrap.json are in sync. Please update your lock file with `npm install` before continuing.
npm error
npm error Missing: jest@30.2.0 from lock file
npm error Missing: @jest/core@30.2.0 from lock file
npm error Missing: @jest/types@30.2.0 from lock file
npm error Missing: import-local@3.2.0 from lock file
npm error Missing: jest-cli@30.2.0 from lock file
npm error Missing: @jest/console@30.2.0 from lock file
npm error Missing: @jest/pattern@30.0.1 from lock file
npm error Missing: @jest/reporters@30.2.0 from lock file
npm error Missing: @jest/test-result@30.2.0 from lock file
npm error Missing: @jest/transform@30.2.0 from lock file
npm error Missing: ansi-escapes@4.3.2 from lock file
npm error Missing: ci-info@4.4.0 from lock file
npm error Missing: exit-x@0.2.2 from lock file
npm error Missing: graceful-fs@4.2.11 from lock file
npm error Missing: jest-changed-files@30.2.0 from lock file
npm error Missing: jest-config@30.2.0 from lock file
npm error Missing: jest-haste-map@30.2.0 from lock file
npm error Missing: jest-message-util@30.2.0 from lock file
npm error Missing: jest-regex-util@30.0.1 from lock file
npm error Missing: jest-resolve@30.2.0 from lock file
npm error Missing: jest-resolve-dependencies@30.2.0 from lock file
npm error Missing: jest-runner@30.2.0 from lock file
npm error Missing: jest-runtime@30.2.0 from lock file
npm error Missing: jest-snapshot@30.2.0 from lock file
npm error Missing: jest-util@30.2.0 from lock file
npm error Missing: jest-validate@30.2.0 from lock file
npm error Missing: jest-watcher@30.2.0 from lock file
npm error Missing: pretty-format@30.2.0 from lock file
npm error Missing: @bcoe/v8-coverage@0.2.3 from lock file
npm error Missing: @jridgewell/trace-mapping@0.3.31 from lock file
npm error Missing: collect-v8-coverage@1.0.3 from lock file
npm error Missing: glob@10.5.0 from lock file
npm error Missing: istanbul-lib-coverage@3.2.2 from lock file
npm error Missing: istanbul-lib-instrument@6.0.3 from lock file
npm error Missing: istanbul-lib-report@3.0.1 from lock file
npm error Missing: istanbul-lib-source-maps@5.0.6 from lock file
npm error Missing: istanbul-reports@3.2.0 from lock file
npm error Missing: jest-worker@30.2.0 from lock file
npm error Missing: string-length@4.0.2 from lock file
npm error Missing: v8-to-istanbul@9.3.0 from lock file
npm error Missing: @types/istanbul-lib-coverage@2.0.6 from lock file
npm error Missing: @babel/core@7.29.0 from lock file
npm error Missing: babel-plugin-istanbul@7.0.1 from lock file
npm error Missing: convert-source-map@2.0.0 from lock file
npm error Missing: pirates@4.0.7 from lock file
npm error Missing: write-file-atomic@5.0.1 from lock file
npm error Missing: @babel/code-frame@7.29.0 from lock file
npm error Missing: @babel/generator@7.29.1 from lock file
npm error Missing: @babel/helper-compilation-targets@7.28.6 from lock file
npm error Missing: @babel/helper-module-transforms@7.28.6 from lock file
npm error Missing: @babel/helpers@7.28.6 from lock file
npm error Missing: @babel/parser@7.29.0 from lock file
npm error Missing: @babel/template@7.28.6 from lock file
npm error Missing: @babel/traverse@7.29.0 from lock file
npm error Missing: @babel/types@7.29.0 from lock file
npm error Missing: @jridgewell/remapping@2.3.5 from lock file
npm error Missing: gensync@1.0.0-beta.2 from lock file
npm error Missing: json5@2.2.3 from lock file
npm error Missing: semver@6.3.1 from lock file
npm error Missing: @babel/helper-validator-identifier@7.28.5 from lock file
npm error Missing: js-tokens@4.0.0 from lock file
npm error Missing: picocolors@1.1.1 from lock file
npm error Missing: @jridgewell/gen-mapping@0.3.13 from lock file
npm error Missing: jsesc@3.1.0 from lock file
npm error Missing: @babel/compat-data@7.29.0 from lock file
npm error Missing: @babel/helper-validator-option@7.27.1 from lock file
npm error Missing: browserslist@4.28.1 from lock file
npm error Missing: lru-cache@5.1.1 from lock file
npm error Missing: semver@6.3.1 from lock file
npm error Missing: @babel/helper-module-imports@7.28.6 from lock file
npm error Missing: @babel/helper-globals@7.28.0 from lock file
npm error Missing: @babel/helper-string-parser@7.27.1 from lock file
npm error Missing: @jest/schemas@30.0.5 from lock file
npm error Missing: @types/istanbul-reports@3.0.4 from lock file
npm error Missing: @types/yargs@17.0.35 from lock file
npm error Missing: @sinclair/typebox@0.34.48 from lock file
npm error Missing: @jridgewell/sourcemap-codec@1.5.5 from lock file
npm error Missing: @jridgewell/resolve-uri@3.1.2 from lock file
npm error Missing: @types/istanbul-lib-report@3.0.3 from lock file
npm error Missing: @types/yargs-parser@21.0.3 from lock file
npm error Missing: type-fest@0.21.3 from lock file
npm error Missing: @babel/helper-plugin-utils@7.28.6 from lock file
npm error Missing: @istanbuljs/load-nyc-config@1.1.0 from lock file
npm error Missing: @istanbuljs/schema@0.1.3 from lock file
npm error Missing: test-exclude@6.0.0 from lock file
npm error Missing: camelcase@5.3.1 from lock file
npm error Missing: find-up@4.1.0 from lock file
npm error Missing: get-package-type@0.1.0 from lock file
npm error Missing: js-yaml@3.14.2 from lock file
npm error Missing: resolve-from@5.0.0 from lock file
npm error Missing: baseline-browser-mapping@2.9.19 from lock file
npm error Missing: caniuse-lite@1.0.30001769 from lock file
npm error Missing: electron-to-chromium@1.5.286 from lock file
npm error Missing: node-releases@2.0.27 from lock file
npm error Missing: update-browserslist-db@1.2.3 from lock file
npm error Missing: pkg-dir@4.2.0 from lock file
npm error Missing: resolve-cwd@3.0.0 from lock file
npm error Missing: make-dir@4.0.0 from lock file
npm error Missing: html-escaper@2.0.2 from lock file
npm error Missing: execa@5.1.1 from lock file
npm error Missing: get-stream@6.0.1 from lock file
npm error Missing: human-signals@2.1.0 from lock file
npm error Missing: merge-stream@2.0.0 from lock file
npm error Missing: npm-run-path@4.0.1 from lock file
npm error Missing: onetime@5.1.2 from lock file
npm error Missing: signal-exit@3.0.7 from lock file
npm error Missing: strip-final-newline@2.0.0 from lock file
npm error Missing: @jest/get-type@30.1.0 from lock file
npm error Missing: @jest/test-sequencer@30.2.0 from lock file
npm error Missing: babel-jest@30.2.0 from lock file
npm error Missing: deepmerge@4.3.1 from lock file
npm error Missing: glob@10.5.0 from lock file
npm error Missing: jest-circus@30.2.0 from lock file
npm error Missing: jest-docblock@30.2.0 from lock file
npm error Missing: jest-environment-node@30.2.0 from lock file
npm error Missing: parse-json@5.2.0 from lock file
npm error Missing: @types/babel__core@7.20.5 from lock file
npm error Missing: babel-preset-jest@30.2.0 from lock file
npm error Missing: @types/babel__generator@7.27.0 from lock file
npm error Missing: @types/babel__template@7.4.4 from lock file
npm error Missing: @types/babel__traverse@7.28.0 from lock file
npm error Missing: babel-plugin-jest-hoist@30.2.0 from lock file
npm error Missing: babel-preset-current-node-syntax@1.2.0 from lock file
npm error Missing: @babel/plugin-syntax-async-generators@7.8.4 from lock file
npm error Missing: @babel/plugin-syntax-bigint@7.8.3 from lock file
npm error Missing: @babel/plugin-syntax-class-properties@7.12.13 from lock file
npm error Missing: @babel/plugin-syntax-class-static-block@7.14.5 from lock file
npm error Missing: @babel/plugin-syntax-import-attributes@7.28.6 from lock file
npm error Missing: @babel/plugin-syntax-import-meta@7.10.4 from lock file
npm error Missing: @babel/plugin-syntax-json-strings@7.8.3 from lock file
npm error Missing: @babel/plugin-syntax-logical-assignment-operators@7.10.4 from lock file
npm error Missing: @babel/plugin-syntax-nullish-coalescing-operator@7.8.3 from lock file
npm error Missing: @babel/plugin-syntax-numeric-separator@7.10.4 from lock file
npm error Missing: @babel/plugin-syntax-object-rest-spread@7.8.3 from lock file
npm error Missing: @babel/plugin-syntax-optional-catch-binding@7.8.3 from lock file
npm error Missing: @babel/plugin-syntax-optional-chaining@7.8.3 from lock file
npm error Missing: @babel/plugin-syntax-private-property-in-object@7.14.5 from lock file
npm error Missing: @babel/plugin-syntax-top-level-await@7.14.5 from lock file
npm error Missing: @jest/environment@30.2.0 from lock file
npm error Missing: @jest/expect@30.2.0 from lock file
npm error Missing: co@4.6.0 from lock file
npm error Missing: dedent@1.7.1 from lock file
npm error Missing: is-generator-fn@2.1.0 from lock file
npm error Missing: jest-each@30.2.0 from lock file
npm error Missing: jest-matcher-utils@30.2.0 from lock file
npm error Missing: pure-rand@7.0.1 from lock file
npm error Missing: stack-utils@2.0.6 from lock file
npm error Missing: @jest/fake-timers@30.2.0 from lock file
npm error Missing: jest-mock@30.2.0 from lock file
npm error Missing: expect@30.2.0 from lock file
npm error Missing: @sinonjs/fake-timers@13.0.5 from lock file
npm error Missing: @sinonjs/commons@3.0.1 from lock file
npm error Missing: type-detect@4.0.8 from lock file
npm error Missing: @jest/expect-utils@30.2.0 from lock file
npm error Missing: detect-newline@3.1.0 from lock file
npm error Missing: anymatch@3.1.3 from lock file
npm error Missing: fb-watchman@2.0.2 from lock file
npm error Missing: fsevents@2.3.3 from lock file
npm error Missing: walker@1.0.8 from lock file
npm error Missing: normalize-path@3.0.0 from lock file
npm error Missing: bser@2.1.1 from lock file
npm error Missing: node-int64@0.4.0 from lock file
npm error Missing: jest-diff@30.2.0 from lock file
npm error Missing: @jest/diff-sequences@30.0.1 from lock file
npm error Missing: @types/stack-utils@2.0.3 from lock file
npm error Missing: jest-pnp-resolver@1.2.3 from lock file
npm error Missing: unrs-resolver@1.11.1 from lock file
npm error Missing: emittery@0.13.1 from lock file
npm error Missing: jest-leak-detector@30.2.0 from lock file
npm error Missing: source-map-support@0.5.13 from lock file
npm error Missing: @jest/globals@30.2.0 from lock file
npm error Missing: @jest/source-map@30.0.1 from lock file
npm error Missing: cjs-module-lexer@2.2.0 from lock file
npm error Missing: glob@10.5.0 from lock file
npm error Missing: strip-bom@4.0.0 from lock file
npm error Missing: @babel/plugin-syntax-jsx@7.28.6 from lock file
npm error Missing: @babel/plugin-syntax-typescript@7.28.6 from lock file
npm error Missing: @jest/snapshot-utils@30.2.0 from lock file
npm error Missing: synckit@0.11.12 from lock file
npm error Missing: picomatch@4.0.3 from lock file
npm error Missing: camelcase@6.3.0 from lock file
npm error Missing: leven@3.1.0 from lock file
npm error Missing: supports-color@8.1.1 from lock file
npm error Missing: mimic-fn@2.1.0 from lock file
npm error Missing: error-ex@1.3.4 from lock file
npm error Missing: json-parse-even-better-errors@2.3.1 from lock file
npm error Missing: lines-and-columns@1.2.4 from lock file
npm error Missing: is-arrayish@0.2.1 from lock file
npm error Missing: find-up@4.1.0 from lock file
npm error Missing: ansi-styles@5.2.0 from lock file
npm error Missing: react-is@18.3.1 from lock file
npm error Missing: resolve-from@5.0.0 from lock file
npm error Missing: buffer-from@1.1.2 from lock file
npm error Missing: source-map@0.6.1 from lock file
npm error Missing: escape-string-regexp@2.0.0 from lock file
npm error Missing: char-regex@1.0.2 from lock file
npm error Missing: @pkgr/core@0.2.9 from lock file
npm error Missing: @unrs/resolver-binding-android-arm-eabi@1.11.1 from lock file
npm error Missing: @unrs/resolver-binding-android-arm64@1.11.1 from lock file
npm error Missing: @unrs/resolver-binding-darwin-arm64@1.11.1 from lock file
npm error Missing: @unrs/resolver-binding-darwin-x64@1.11.1 from lock file
npm error Missing: @unrs/resolver-binding-freebsd-x64@1.11.1 from lock file
npm error Missing: @unrs/resolver-binding-linux-arm-gnueabihf@1.11.1 from lock file
npm error Missing: @unrs/resolver-binding-linux-arm-musleabihf@1.11.1 from lock file
npm error Missing: @unrs/resolver-binding-linux-arm64-gnu@1.11.1 from lock file
npm error Missing: @unrs/resolver-binding-linux-arm64-musl@1.11.1 from lock file
npm error Missing: @unrs/resolver-binding-linux-ppc64-gnu@1.11.1 from lock file
npm error Missing: @unrs/resolver-binding-linux-riscv64-gnu@1.11.1 from lock file
npm error Missing: @unrs/resolver-binding-linux-riscv64-musl@1.11.1 from lock file
npm error Missing: @unrs/resolver-binding-linux-s390x-gnu@1.11.1 from lock file
npm error Missing: @unrs/resolver-binding-linux-x64-gnu@1.11.1 from lock file
npm error Missing: @unrs/resolver-binding-linux-x64-musl@1.11.1 from lock file
npm error Missing: @unrs/resolver-binding-wasm32-wasi@1.11.1 from lock file
npm error Missing: @unrs/resolver-binding-win32-arm64-msvc@1.11.1 from lock file
npm error Missing: @unrs/resolver-binding-win32-ia32-msvc@1.11.1 from lock file
npm error Missing: @unrs/resolver-binding-win32-x64-msvc@1.11.1 from lock file
npm error Missing: napi-postinstall@0.3.4 from lock file
npm error Missing: @napi-rs/wasm-runtime@0.2.12 from lock file
npm error Missing: @emnapi/core@1.8.1 from lock file
npm error Missing: @emnapi/runtime@1.8.1 from lock file
npm error Missing: @tybys/wasm-util@0.10.1 from lock file
npm error Missing: @emnapi/wasi-threads@1.1.0 from lock file
npm error Missing: makeerror@1.0.12 from lock file
npm error Missing: tmpl@1.0.5 from lock file
npm error Missing: signal-exit@4.1.0 from lock file
npm error Missing: yallist@3.1.1 from lock file
npm error Missing: locate-path@5.0.0 from lock file
npm error Missing: argparse@1.0.10 from lock file
npm error Missing: esprima@4.0.1 from lock file
npm error Missing: sprintf-js@1.0.3 from lock file
npm error Missing: p-locate@4.1.0 from lock file
npm error Missing: p-limit@2.3.0 from lock file
npm error Missing: p-try@2.2.0 from lock file
npm error Missing: foreground-child@3.3.1 from lock file
npm error Missing: jackspeak@3.4.3 from lock file
npm error Missing: minimatch@9.0.5 from lock file
npm error Missing: minipass@7.1.2 from lock file
npm error Missing: package-json-from-dist@1.0.1 from lock file
npm error Missing: path-scurry@1.11.1 from lock file
npm error Missing: signal-exit@4.1.0 from lock file
npm error Missing: @isaacs/cliui@8.0.2 from lock file
npm error Missing: @pkgjs/parseargs@0.11.0 from lock file
npm error Missing: string-width@5.1.2 from lock file
npm error Missing: string-width-cjs@4.2.3 from lock file
npm error Missing: strip-ansi@7.1.2 from lock file
npm error Missing: strip-ansi-cjs@6.0.1 from lock file
npm error Missing: wrap-ansi@8.1.0 from lock file
npm error Missing: wrap-ansi-cjs@7.0.0 from lock file
npm error Missing: lru-cache@10.4.3 from lock file
npm error Missing: eastasianwidth@0.2.0 from lock file
npm error Missing: emoji-regex@9.2.2 from lock file
npm error Missing: ansi-regex@6.2.2 from lock file
npm error Missing: ansi-styles@6.2.3 from lock file
npm error Missing: brace-expansion@2.0.2 from lock file
npm error Missing: minimatch@9.0.5 from lock file
npm error Missing: brace-expansion@2.0.2 from lock file
npm error Missing: minimatch@9.0.5 from lock file
npm error Missing: brace-expansion@2.0.2 from lock file
npm error Missing: locate-path@5.0.0 from lock file
npm error Missing: p-locate@4.1.0 from lock file
npm error Missing: p-limit@2.3.0 from lock file
npm error
npm error Clean install a project
npm error
npm error Usage:
npm error npm ci
npm error
npm error Options:
npm error [--install-strategy <hoisted|nested|shallow|linked>] [--legacy-bundling]
npm error [--global-style] [--omit <dev|optional|peer> [--omit <dev|optional|peer> ...]]
npm error [--include <prod|dev|optional|peer> [--include <prod|dev|optional|peer> ...]]
npm error [--strict-peer-deps] [--foreground-scripts] [--ignore-scripts] [--no-audit]
npm error [--no-bin-links] [--no-fund] [--dry-run]
npm error [-w|--workspace <workspace-name> [-w|--workspace <workspace-name> ...]]
npm error [--workspaces] [--include-workspace-root] [--install-links]
npm error
npm error aliases: clean-install, ic, install-clean, isntall-clean
npm error
npm error Run "npm help ci" for more info
npm error A complete log of this run can be found in: /www-data-home/.npm/_logs/2026-02-07T13_56_00_386Z-debug-0.log. For more details see the logs at https://console.cloud.google.com/cloud-build/builds;region=us-central1/b194937f-ac9f-4c8c-8196-9c9ac162419f?project=150030020437.
[debug] [2026-02-07T13:56:44.217Z] Total Function Deployment time: 76181
[debug] [2026-02-07T13:56:44.217Z] 1 Functions Deployed
[debug] [2026-02-07T13:56:44.217Z] 1 Functions Errored
[debug] [2026-02-07T13:56:44.217Z] 0 Function Deployments Aborted
[debug] [2026-02-07T13:56:44.217Z] Average Function Deployment time: 76181
[info] 
[info] Functions deploy had errors with the following functions:
	onHugCreated(us-central1)
[debug] [2026-02-07T13:56:44.430Z] Checked if tokens are valid: true, expires at: 1770475026243
[debug] [2026-02-07T13:56:44.430Z] Checked if tokens are valid: true, expires at: 1770475026243
[debug] [2026-02-07T13:56:44.430Z] >>> [apiv2][query] GET https://artifactregistry.googleapis.com/v1/projects/hug-me-app-afb44/locations/us-central1/repositories/gcf-artifacts [none]
[debug] [2026-02-07T13:56:45.378Z] <<< [apiv2][status] GET https://artifactregistry.googleapis.com/v1/projects/hug-me-app-afb44/locations/us-central1/repositories/gcf-artifacts 200
[debug] [2026-02-07T13:56:45.378Z] <<< [apiv2][body] GET https://artifactregistry.googleapis.com/v1/projects/hug-me-app-afb44/locations/us-central1/repositories/gcf-artifacts {"name":"projects/hug-me-app-afb44/locations/us-central1/repositories/gcf-artifacts","format":"DOCKER","description":"This repository is created and used by Cloud Functions for storing function docker images.","labels":{"goog-managed-by":"cloudfunctions"},"createTime":"2026-02-07T13:55:42.375641Z","updateTime":"2026-02-07T13:55:42.375641Z","mode":"STANDARD_REPOSITORY","vulnerabilityScanningConfig":{"lastEnableTime":"2026-02-07T13:55:30.182586260Z","enablementState":"SCANNING_DISABLED","enablementStateReason":"API containerscanning.googleapis.com is not enabled."},"satisfiesPzi":true,"registryUri":"us-central1-docker.pkg.dev/hug-me-app-afb44/gcf-artifacts"}
[warn] ⚠  functions: No cleanup policy detected for repositories in us-central1. This may result in a small monthly bill as container images accumulate over time. 
[info] i  functions: Configuring cleanup policy for repository in us-central1. Images older than 1 days will be automatically deleted. 
[debug] [2026-02-07T13:57:10.621Z] Setting up artifact cleanup policy for region us-central1
[debug] [2026-02-07T13:57:10.621Z] Checked if tokens are valid: true, expires at: 1770475026243
[debug] [2026-02-07T13:57:10.621Z] Checked if tokens are valid: true, expires at: 1770475026243
[debug] [2026-02-07T13:57:10.621Z] >>> [apiv2][query] PATCH https://artifactregistry.googleapis.com/v1/projects/hug-me-app-afb44/locations/us-central1/repositories/gcf-artifacts updateMask=name%2CcleanupPolicies%2CcleanupPolicyDryRun%2Clabels
[debug] [2026-02-07T13:57:10.622Z] >>> [apiv2][body] PATCH https://artifactregistry.googleapis.com/v1/projects/hug-me-app-afb44/locations/us-central1/repositories/gcf-artifacts {"name":"projects/hug-me-app-afb44/locations/us-central1/repositories/gcf-artifacts","cleanupPolicies":{"firebase-functions-cleanup":{"id":"firebase-functions-cleanup","condition":{"tagState":"ANY","olderThan":"86400s"},"action":"DELETE"}},"cleanupPolicyDryRun":false,"labels":{"goog-managed-by":"cloudfunctions"}}
[debug] [2026-02-07T13:57:11.529Z] <<< [apiv2][status] PATCH https://artifactregistry.googleapis.com/v1/projects/hug-me-app-afb44/locations/us-central1/repositories/gcf-artifacts 200
[debug] [2026-02-07T13:57:11.529Z] <<< [apiv2][body] PATCH https://artifactregistry.googleapis.com/v1/projects/hug-me-app-afb44/locations/us-central1/repositories/gcf-artifacts {"name":"projects/hug-me-app-afb44/locations/us-central1/repositories/gcf-artifacts","format":"DOCKER","description":"This repository is created and used by Cloud Functions for storing function docker images.","labels":{"goog-managed-by":"cloudfunctions"},"createTime":"2026-02-07T13:55:42.375641Z","updateTime":"2026-02-07T13:57:11.434089Z","mode":"STANDARD_REPOSITORY","cleanupPolicies":{"firebase-functions-cleanup":{"id":"firebase-functions-cleanup","action":"DELETE","condition":{"tagState":"ANY","olderThan":"86400s"}}},"vulnerabilityScanningConfig":{"lastEnableTime":"2026-02-07T13:55:30.182586260Z","enablementState":"SCANNING_DISABLED","enablementStateReason":"API containerscanning.googleapis.com is not enabled."},"satisfiesPzi":true}
[info] i  functions: Configured cleanup policy for repository in us-central1. 
[debug] [2026-02-07T13:57:11.530Z] Functions deploy failed.
[debug] [2026-02-07T13:57:11.530Z] {
  "endpoint": {
    "id": "onHugCreated",
    "project": "hug-me-app-afb44",
    "region": "us-central1",
    "entryPoint": "onHugCreated",
    "platform": "gcfv2",
    "runtime": "nodejs24",
    "eventTrigger": {
      "eventType": "google.cloud.firestore.document.v1.created",
      "retry": false,
      "eventFilters": {
        "database": "(default)",
        "namespace": "(default)"
      },
      "eventFilterPathPatterns": {
        "document": "hugs/{hugId}"
      },
      "region": "eur3"
    },
    "labels": {
      "deployment-tool": "cli-firebase"
    },
    "serviceAccount": null,
    "ingressSettings": null,
    "availableMemoryMb": null,
    "timeoutSeconds": null,
    "maxInstances": 10,
    "minInstances": null,
    "concurrency": 80,
    "vpc": null,
    "environmentVariables": {
      "FIREBASE_CONFIG": "{\"projectId\":\"hug-me-app-afb44\",\"storageBucket\":\"hug-me-app-afb44.firebasestorage.app\"}",
      "GCLOUD_PROJECT": "hug-me-app-afb44",
      "EVENTARC_CLOUD_EVENT_SOURCE": "projects/hug-me-app-afb44/locations/us-central1/services/onHugCreated"
    },
    "codebase": "default",
    "cpu": 1,
    "targetedByOnly": false,
    "hash": "384829ebf88dc94b5a465089ca5070b1fc5cb50a"
  },
  "op": "create",
  "original": {
    "name": "FirebaseError",
    "children": [],
    "exit": 1,
    "message": "Build failed with status: FAILURE and message: npm error code EUSAGE\nnpm error\nnpm error `npm ci` can only install packages when your package.json and package-lock.json or npm-shrinkwrap.json are in sync. Please update your lock file with `npm install` before continuing.\nnpm error\nnpm error Missing: jest@30.2.0 from lock file\nnpm error Missing: @jest/core@30.2.0 from lock file\nnpm error Missing: @jest/types@30.2.0 from lock file\nnpm error Missing: import-local@3.2.0 from lock file\nnpm error Missing: jest-cli@30.2.0 from lock file\nnpm error Missing: @jest/console@30.2.0 from lock file\nnpm error Missing: @jest/pattern@30.0.1 from lock file\nnpm error Missing: @jest/reporters@30.2.0 from lock file\nnpm error Missing: @jest/test-result@30.2.0 from lock file\nnpm error Missing: @jest/transform@30.2.0 from lock file\nnpm error Missing: ansi-escapes@4.3.2 from lock file\nnpm error Missing: ci-info@4.4.0 from lock file\nnpm error Missing: exit-x@0.2.2 from lock file\nnpm error Missing: graceful-fs@4.2.11 from lock file\nnpm error Missing: jest-changed-files@30.2.0 from lock file\nnpm error Missing: jest-config@30.2.0 from lock file\nnpm error Missing: jest-haste-map@30.2.0 from lock file\nnpm error Missing: jest-message-util@30.2.0 from lock file\nnpm error Missing: jest-regex-util@30.0.1 from lock file\nnpm error Missing: jest-resolve@30.2.0 from lock file\nnpm error Missing: jest-resolve-dependencies@30.2.0 from lock file\nnpm error Missing: jest-runner@30.2.0 from lock file\nnpm error Missing: jest-runtime@30.2.0 from lock file\nnpm error Missing: jest-snapshot@30.2.0 from lock file\nnpm error Missing: jest-util@30.2.0 from lock file\nnpm error Missing: jest-validate@30.2.0 from lock file\nnpm error Missing: jest-watcher@30.2.0 from lock file\nnpm error Missing: pretty-format@30.2.0 from lock file\nnpm error Missing: @bcoe/v8-coverage@0.2.3 from lock file\nnpm error Missing: @jridgewell/trace-mapping@0.3.31 from lock file\nnpm error Missing: collect-v8-coverage@1.0.3 from lock file\nnpm error Missing: glob@10.5.0 from lock file\nnpm error Missing: istanbul-lib-coverage@3.2.2 from lock file\nnpm error Missing: istanbul-lib-instrument@6.0.3 from lock file\nnpm error Missing: istanbul-lib-report@3.0.1 from lock file\nnpm error Missing: istanbul-lib-source-maps@5.0.6 from lock file\nnpm error Missing: istanbul-reports@3.2.0 from lock file\nnpm error Missing: jest-worker@30.2.0 from lock file\nnpm error Missing: string-length@4.0.2 from lock file\nnpm error Missing: v8-to-istanbul@9.3.0 from lock file\nnpm error Missing: @types/istanbul-lib-coverage@2.0.6 from lock file\nnpm error Missing: @babel/core@7.29.0 from lock file\nnpm error Missing: babel-plugin-istanbul@7.0.1 from lock file\nnpm error Missing: convert-source-map@2.0.0 from lock file\nnpm error Missing: pirates@4.0.7 from lock file\nnpm error Missing: write-file-atomic@5.0.1 from lock file\nnpm error Missing: @babel/code-frame@7.29.0 from lock file\nnpm error Missing: @babel/generator@7.29.1 from lock file\nnpm error Missing: @babel/helper-compilation-targets@7.28.6 from lock file\nnpm error Missing: @babel/helper-module-transforms@7.28.6 from lock file\nnpm error Missing: @babel/helpers@7.28.6 from lock file\nnpm error Missing: @babel/parser@7.29.0 from lock file\nnpm error Missing: @babel/template@7.28.6 from lock file\nnpm error Missing: @babel/traverse@7.29.0 from lock file\nnpm error Missing: @babel/types@7.29.0 from lock file\nnpm error Missing: @jridgewell/remapping@2.3.5 from lock file\nnpm error Missing: gensync@1.0.0-beta.2 from lock file\nnpm error Missing: json5@2.2.3 from lock file\nnpm error Missing: semver@6.3.1 from lock file\nnpm error Missing: @babel/helper-validator-identifier@7.28.5 from lock file\nnpm error Missing: js-tokens@4.0.0 from lock file\nnpm error Missing: picocolors@1.1.1 from lock file\nnpm error Missing: @jridgewell/gen-mapping@0.3.13 from lock file\nnpm error Missing: jsesc@3.1.0 from lock file\nnpm error Missing: @babel/compat-data@7.29.0 from lock file\nnpm error Missing: @babel/helper-validator-option@7.27.1 from lock file\nnpm error Missing: browserslist@4.28.1 from lock file\nnpm error Missing: lru-cache@5.1.1 from lock file\nnpm error Missing: semver@6.3.1 from lock file\nnpm error Missing: @babel/helper-module-imports@7.28.6 from lock file\nnpm error Missing: @babel/helper-globals@7.28.0 from lock file\nnpm error Missing: @babel/helper-string-parser@7.27.1 from lock file\nnpm error Missing: @jest/schemas@30.0.5 from lock file\nnpm error Missing: @types/istanbul-reports@3.0.4 from lock file\nnpm error Missing: @types/yargs@17.0.35 from lock file\nnpm error Missing: @sinclair/typebox@0.34.48 from lock file\nnpm error Missing: @jridgewell/sourcemap-codec@1.5.5 from lock file\nnpm error Missing: @jridgewell/resolve-uri@3.1.2 from lock file\nnpm error Missing: @types/istanbul-lib-report@3.0.3 from lock file\nnpm error Missing: @types/yargs-parser@21.0.3 from lock file\nnpm error Missing: type-fest@0.21.3 from lock file\nnpm error Missing: @babel/helper-plugin-utils@7.28.6 from lock file\nnpm error Missing: @istanbuljs/load-nyc-config@1.1.0 from lock file\nnpm error Missing: @istanbuljs/schema@0.1.3 from lock file\nnpm error Missing: test-exclude@6.0.0 from lock file\nnpm error Missing: camelcase@5.3.1 from lock file\nnpm error Missing: find-up@4.1.0 from lock file\nnpm error Missing: get-package-type@0.1.0 from lock file\nnpm error Missing: js-yaml@3.14.2 from lock file\nnpm error Missing: resolve-from@5.0.0 from lock file\nnpm error Missing: baseline-browser-mapping@2.9.19 from lock file\nnpm error Missing: caniuse-lite@1.0.30001769 from lock file\nnpm error Missing: electron-to-chromium@1.5.286 from lock file\nnpm error Missing: node-releases@2.0.27 from lock file\nnpm error Missing: update-browserslist-db@1.2.3 from lock file\nnpm error Missing: pkg-dir@4.2.0 from lock file\nnpm error Missing: resolve-cwd@3.0.0 from lock file\nnpm error Missing: make-dir@4.0.0 from lock file\nnpm error Missing: html-escaper@2.0.2 from lock file\nnpm error Missing: execa@5.1.1 from lock file\nnpm error Missing: get-stream@6.0.1 from lock file\nnpm error Missing: human-signals@2.1.0 from lock file\nnpm error Missing: merge-stream@2.0.0 from lock file\nnpm error Missing: npm-run-path@4.0.1 from lock file\nnpm error Missing: onetime@5.1.2 from lock file\nnpm error Missing: signal-exit@3.0.7 from lock file\nnpm error Missing: strip-final-newline@2.0.0 from lock file\nnpm error Missing: @jest/get-type@30.1.0 from lock file\nnpm error Missing: @jest/test-sequencer@30.2.0 from lock file\nnpm error Missing: babel-jest@30.2.0 from lock file\nnpm error Missing: deepmerge@4.3.1 from lock file\nnpm error Missing: glob@10.5.0 from lock file\nnpm error Missing: jest-circus@30.2.0 from lock file\nnpm error Missing: jest-docblock@30.2.0 from lock file\nnpm error Missing: jest-environment-node@30.2.0 from lock file\nnpm error Missing: parse-json@5.2.0 from lock file\nnpm error Missing: @types/babel__core@7.20.5 from lock file\nnpm error Missing: babel-preset-jest@30.2.0 from lock file\nnpm error Missing: @types/babel__generator@7.27.0 from lock file\nnpm error Missing: @types/babel__template@7.4.4 from lock file\nnpm error Missing: @types/babel__traverse@7.28.0 from lock file\nnpm error Missing: babel-plugin-jest-hoist@30.2.0 from lock file\nnpm error Missing: babel-preset-current-node-syntax@1.2.0 from lock file\nnpm error Missing: @babel/plugin-syntax-async-generators@7.8.4 from lock file\nnpm error Missing: @babel/plugin-syntax-bigint@7.8.3 from lock file\nnpm error Missing: @babel/plugin-syntax-class-properties@7.12.13 from lock file\nnpm error Missing: @babel/plugin-syntax-class-static-block@7.14.5 from lock file\nnpm error Missing: @babel/plugin-syntax-import-attributes@7.28.6 from lock file\nnpm error Missing: @babel/plugin-syntax-import-meta@7.10.4 from lock file\nnpm error Missing: @babel/plugin-syntax-json-strings@7.8.3 from lock file\nnpm error Missing: @babel/plugin-syntax-logical-assignment-operators@7.10.4 from lock file\nnpm error Missing: @babel/plugin-syntax-nullish-coalescing-operator@7.8.3 from lock file\nnpm error Missing: @babel/plugin-syntax-numeric-separator@7.10.4 from lock file\nnpm error Missing: @babel/plugin-syntax-object-rest-spread@7.8.3 from lock file\nnpm error Missing: @babel/plugin-syntax-optional-catch-binding@7.8.3 from lock file\nnpm error Missing: @babel/plugin-syntax-optional-chaining@7.8.3 from lock file\nnpm error Missing: @babel/plugin-syntax-private-property-in-object@7.14.5 from lock file\nnpm error Missing: @babel/plugin-syntax-top-level-await@7.14.5 from lock file\nnpm error Missing: @jest/environment@30.2.0 from lock file\nnpm error Missing: @jest/expect@30.2.0 from lock file\nnpm error Missing: co@4.6.0 from lock file\nnpm error Missing: dedent@1.7.1 from lock file\nnpm error Missing: is-generator-fn@2.1.0 from lock file\nnpm error Missing: jest-each@30.2.0 from lock file\nnpm error Missing: jest-matcher-utils@30.2.0 from lock file\nnpm error Missing: pure-rand@7.0.1 from lock file\nnpm error Missing: stack-utils@2.0.6 from lock file\nnpm error Missing: @jest/fake-timers@30.2.0 from lock file\nnpm error Missing: jest-mock@30.2.0 from lock file\nnpm error Missing: expect@30.2.0 from lock file\nnpm error Missing: @sinonjs/fake-timers@13.0.5 from lock file\nnpm error Missing: @sinonjs/commons@3.0.1 from lock file\nnpm error Missing: type-detect@4.0.8 from lock file\nnpm error Missing: @jest/expect-utils@30.2.0 from lock file\nnpm error Missing: detect-newline@3.1.0 from lock file\nnpm error Missing: anymatch@3.1.3 from lock file\nnpm error Missing: fb-watchman@2.0.2 from lock file\nnpm error Missing: fsevents@2.3.3 from lock file\nnpm error Missing: walker@1.0.8 from lock file\nnpm error Missing: normalize-path@3.0.0 from lock file\nnpm error Missing: bser@2.1.1 from lock file\nnpm error Missing: node-int64@0.4.0 from lock file\nnpm error Missing: jest-diff@30.2.0 from lock file\nnpm error Missing: @jest/diff-sequences@30.0.1 from lock file\nnpm error Missing: @types/stack-utils@2.0.3 from lock file\nnpm error Missing: jest-pnp-resolver@1.2.3 from lock file\nnpm error Missing: unrs-resolver@1.11.1 from lock file\nnpm error Missing: emittery@0.13.1 from lock file\nnpm error Missing: jest-leak-detector@30.2.0 from lock file\nnpm error Missing: source-map-support@0.5.13 from lock file\nnpm error Missing: @jest/globals@30.2.0 from lock file\nnpm error Missing: @jest/source-map@30.0.1 from lock file\nnpm error Missing: cjs-module-lexer@2.2.0 from lock file\nnpm error Missing: glob@10.5.0 from lock file\nnpm error Missing: strip-bom@4.0.0 from lock file\nnpm error Missing: @babel/plugin-syntax-jsx@7.28.6 from lock file\nnpm error Missing: @babel/plugin-syntax-typescript@7.28.6 from lock file\nnpm error Missing: @jest/snapshot-utils@30.2.0 from lock file\nnpm error Missing: synckit@0.11.12 from lock file\nnpm error Missing: picomatch@4.0.3 from lock file\nnpm error Missing: camelcase@6.3.0 from lock file\nnpm error Missing: leven@3.1.0 from lock file\nnpm error Missing: supports-color@8.1.1 from lock file\nnpm error Missing: mimic-fn@2.1.0 from lock file\nnpm error Missing: error-ex@1.3.4 from lock file\nnpm error Missing: json-parse-even-better-errors@2.3.1 from lock file\nnpm error Missing: lines-and-columns@1.2.4 from lock file\nnpm error Missing: is-arrayish@0.2.1 from lock file\nnpm error Missing: find-up@4.1.0 from lock file\nnpm error Missing: ansi-styles@5.2.0 from lock file\nnpm error Missing: react-is@18.3.1 from lock file\nnpm error Missing: resolve-from@5.0.0 from lock file\nnpm error Missing: buffer-from@1.1.2 from lock file\nnpm error Missing: source-map@0.6.1 from lock file\nnpm error Missing: escape-string-regexp@2.0.0 from lock file\nnpm error Missing: char-regex@1.0.2 from lock file\nnpm error Missing: @pkgr/core@0.2.9 from lock file\nnpm error Missing: @unrs/resolver-binding-android-arm-eabi@1.11.1 from lock file\nnpm error Missing: @unrs/resolver-binding-android-arm64@1.11.1 from lock file\nnpm error Missing: @unrs/resolver-binding-darwin-arm64@1.11.1 from lock file\nnpm error Missing: @unrs/resolver-binding-darwin-x64@1.11.1 from lock file\nnpm error Missing: @unrs/resolver-binding-freebsd-x64@1.11.1 from lock file\nnpm error Missing: @unrs/resolver-binding-linux-arm-gnueabihf@1.11.1 from lock file\nnpm error Missing: @unrs/resolver-binding-linux-arm-musleabihf@1.11.1 from lock file\nnpm error Missing: @unrs/resolver-binding-linux-arm64-gnu@1.11.1 from lock file\nnpm error Missing: @unrs/resolver-binding-linux-arm64-musl@1.11.1 from lock file\nnpm error Missing: @unrs/resolver-binding-linux-ppc64-gnu@1.11.1 from lock file\nnpm error Missing: @unrs/resolver-binding-linux-riscv64-gnu@1.11.1 from lock file\nnpm error Missing: @unrs/resolver-binding-linux-riscv64-musl@1.11.1 from lock file\nnpm error Missing: @unrs/resolver-binding-linux-s390x-gnu@1.11.1 from lock file\nnpm error Missing: @unrs/resolver-binding-linux-x64-gnu@1.11.1 from lock file\nnpm error Missing: @unrs/resolver-binding-linux-x64-musl@1.11.1 from lock file\nnpm error Missing: @unrs/resolver-binding-wasm32-wasi@1.11.1 from lock file\nnpm error Missing: @unrs/resolver-binding-win32-arm64-msvc@1.11.1 from lock file\nnpm error Missing: @unrs/resolver-binding-win32-ia32-msvc@1.11.1 from lock file\nnpm error Missing: @unrs/resolver-binding-win32-x64-msvc@1.11.1 from lock file\nnpm error Missing: napi-postinstall@0.3.4 from lock file\nnpm error Missing: @napi-rs/wasm-runtime@0.2.12 from lock file\nnpm error Missing: @emnapi/core@1.8.1 from lock file\nnpm error Missing: @emnapi/runtime@1.8.1 from lock file\nnpm error Missing: @tybys/wasm-util@0.10.1 from lock file\nnpm error Missing: @emnapi/wasi-threads@1.1.0 from lock file\nnpm error Missing: makeerror@1.0.12 from lock file\nnpm error Missing: tmpl@1.0.5 from lock file\nnpm error Missing: signal-exit@4.1.0 from lock file\nnpm error Missing: yallist@3.1.1 from lock file\nnpm error Missing: locate-path@5.0.0 from lock file\nnpm error Missing: argparse@1.0.10 from lock file\nnpm error Missing: esprima@4.0.1 from lock file\nnpm error Missing: sprintf-js@1.0.3 from lock file\nnpm error Missing: p-locate@4.1.0 from lock file\nnpm error Missing: p-limit@2.3.0 from lock file\nnpm error Missing: p-try@2.2.0 from lock file\nnpm error Missing: foreground-child@3.3.1 from lock file\nnpm error Missing: jackspeak@3.4.3 from lock file\nnpm error Missing: minimatch@9.0.5 from lock file\nnpm error Missing: minipass@7.1.2 from lock file\nnpm error Missing: package-json-from-dist@1.0.1 from lock file\nnpm error Missing: path-scurry@1.11.1 from lock file\nnpm error Missing: signal-exit@4.1.0 from lock file\nnpm error Missing: @isaacs/cliui@8.0.2 from lock file\nnpm error Missing: @pkgjs/parseargs@0.11.0 from lock file\nnpm error Missing: string-width@5.1.2 from lock file\nnpm error Missing: string-width-cjs@4.2.3 from lock file\nnpm error Missing: strip-ansi@7.1.2 from lock file\nnpm error Missing: strip-ansi-cjs@6.0.1 from lock file\nnpm error Missing: wrap-ansi@8.1.0 from lock file\nnpm error Missing: wrap-ansi-cjs@7.0.0 from lock file\nnpm error Missing: lru-cache@10.4.3 from lock file\nnpm error Missing: eastasianwidth@0.2.0 from lock file\nnpm error Missing: emoji-regex@9.2.2 from lock file\nnpm error Missing: ansi-regex@6.2.2 from lock file\nnpm error Missing: ansi-styles@6.2.3 from lock file\nnpm error Missing: brace-expansion@2.0.2 from lock file\nnpm error Missing: minimatch@9.0.5 from lock file\nnpm error Missing: brace-expansion@2.0.2 from lock file\nnpm error Missing: minimatch@9.0.5 from lock file\nnpm error Missing: brace-expansion@2.0.2 from lock file\nnpm error Missing: locate-path@5.0.0 from lock file\nnpm error Missing: p-locate@4.1.0 from lock file\nnpm error Missing: p-limit@2.3.0 from lock file\nnpm error\nnpm error Clean install a project\nnpm error\nnpm error Usage:\nnpm error npm ci\nnpm error\nnpm error Options:\nnpm error [--install-strategy <hoisted|nested|shallow|linked>] [--legacy-bundling]\nnpm error [--global-style] [--omit <dev|optional|peer> [--omit <dev|optional|peer> ...]]\nnpm error [--include <prod|dev|optional|peer> [--include <prod|dev|optional|peer> ...]]\nnpm error [--strict-peer-deps] [--foreground-scripts] [--ignore-scripts] [--no-audit]\nnpm error [--no-bin-links] [--no-fund] [--dry-run]\nnpm error [-w|--workspace <workspace-name> [-w|--workspace <workspace-name> ...]]\nnpm error [--workspaces] [--include-workspace-root] [--install-links]\nnpm error\nnpm error aliases: clean-install, ic, install-clean, isntall-clean\nnpm error\nnpm error Run \"npm help ci\" for more info\nnpm error A complete log of this run can be found in: /www-data-home/.npm/_logs/2026-02-07T13_56_00_386Z-debug-0.log. For more details see the logs at https://console.cloud.google.com/cloud-build/builds;region=us-central1/b194937f-ac9f-4c8c-8196-9c9ac162419f?project=150030020437.",
    "original": {
      "code": 3,
      "message": "Build failed with status: FAILURE and message: npm error code EUSAGE\nnpm error\nnpm error `npm ci` can only install packages when your package.json and package-lock.json or npm-shrinkwrap.json are in sync. Please update your lock file with `npm install` before continuing.\nnpm error\nnpm error Missing: jest@30.2.0 from lock file\nnpm error Missing: @jest/core@30.2.0 from lock file\nnpm error Missing: @jest/types@30.2.0 from lock file\nnpm error Missing: import-local@3.2.0 from lock file\nnpm error Missing: jest-cli@30.2.0 from lock file\nnpm error Missing: @jest/console@30.2.0 from lock file\nnpm error Missing: @jest/pattern@30.0.1 from lock file\nnpm error Missing: @jest/reporters@30.2.0 from lock file\nnpm error Missing: @jest/test-result@30.2.0 from lock file\nnpm error Missing: @jest/transform@30.2.0 from lock file\nnpm error Missing: ansi-escapes@4.3.2 from lock file\nnpm error Missing: ci-info@4.4.0 from lock file\nnpm error Missing: exit-x@0.2.2 from lock file\nnpm error Missing: graceful-fs@4.2.11 from lock file\nnpm error Missing: jest-changed-files@30.2.0 from lock file\nnpm error Missing: jest-config@30.2.0 from lock file\nnpm error Missing: jest-haste-map@30.2.0 from lock file\nnpm error Missing: jest-message-util@30.2.0 from lock file\nnpm error Missing: jest-regex-util@30.0.1 from lock file\nnpm error Missing: jest-resolve@30.2.0 from lock file\nnpm error Missing: jest-resolve-dependencies@30.2.0 from lock file\nnpm error Missing: jest-runner@30.2.0 from lock file\nnpm error Missing: jest-runtime@30.2.0 from lock file\nnpm error Missing: jest-snapshot@30.2.0 from lock file\nnpm error Missing: jest-util@30.2.0 from lock file\nnpm error Missing: jest-validate@30.2.0 from lock file\nnpm error Missing: jest-watcher@30.2.0 from lock file\nnpm error Missing: pretty-format@30.2.0 from lock file\nnpm error Missing: @bcoe/v8-coverage@0.2.3 from lock file\nnpm error Missing: @jridgewell/trace-mapping@0.3.31 from lock file\nnpm error Missing: collect-v8-coverage@1.0.3 from lock file\nnpm error Missing: glob@10.5.0 from lock file\nnpm error Missing: istanbul-lib-coverage@3.2.2 from lock file\nnpm error Missing: istanbul-lib-instrument@6.0.3 from lock file\nnpm error Missing: istanbul-lib-report@3.0.1 from lock file\nnpm error Missing: istanbul-lib-source-maps@5.0.6 from lock file\nnpm error Missing: istanbul-reports@3.2.0 from lock file\nnpm error Missing: jest-worker@30.2.0 from lock file\nnpm error Missing: string-length@4.0.2 from lock file\nnpm error Missing: v8-to-istanbul@9.3.0 from lock file\nnpm error Missing: @types/istanbul-lib-coverage@2.0.6 from lock file\nnpm error Missing: @babel/core@7.29.0 from lock file\nnpm error Missing: babel-plugin-istanbul@7.0.1 from lock file\nnpm error Missing: convert-source-map@2.0.0 from lock file\nnpm error Missing: pirates@4.0.7 from lock file\nnpm error Missing: write-file-atomic@5.0.1 from lock file\nnpm error Missing: @babel/code-frame@7.29.0 from lock file\nnpm error Missing: @babel/generator@7.29.1 from lock file\nnpm error Missing: @babel/helper-compilation-targets@7.28.6 from lock file\nnpm error Missing: @babel/helper-module-transforms@7.28.6 from lock file\nnpm error Missing: @babel/helpers@7.28.6 from lock file\nnpm error Missing: @babel/parser@7.29.0 from lock file\nnpm error Missing: @babel/template@7.28.6 from lock file\nnpm error Missing: @babel/traverse@7.29.0 from lock file\nnpm error Missing: @babel/types@7.29.0 from lock file\nnpm error Missing: @jridgewell/remapping@2.3.5 from lock file\nnpm error Missing: gensync@1.0.0-beta.2 from lock file\nnpm error Missing: json5@2.2.3 from lock file\nnpm error Missing: semver@6.3.1 from lock file\nnpm error Missing: @babel/helper-validator-identifier@7.28.5 from lock file\nnpm error Missing: js-tokens@4.0.0 from lock file\nnpm error Missing: picocolors@1.1.1 from lock file\nnpm error Missing: @jridgewell/gen-mapping@0.3.13 from lock file\nnpm error Missing: jsesc@3.1.0 from lock file\nnpm error Missing: @babel/compat-data@7.29.0 from lock file\nnpm error Missing: @babel/helper-validator-option@7.27.1 from lock file\nnpm error Missing: browserslist@4.28.1 from lock file\nnpm error Missing: lru-cache@5.1.1 from lock file\nnpm error Missing: semver@6.3.1 from lock file\nnpm error Missing: @babel/helper-module-imports@7.28.6 from lock file\nnpm error Missing: @babel/helper-globals@7.28.0 from lock file\nnpm error Missing: @babel/helper-string-parser@7.27.1 from lock file\nnpm error Missing: @jest/schemas@30.0.5 from lock file\nnpm error Missing: @types/istanbul-reports@3.0.4 from lock file\nnpm error Missing: @types/yargs@17.0.35 from lock file\nnpm error Missing: @sinclair/typebox@0.34.48 from lock file\nnpm error Missing: @jridgewell/sourcemap-codec@1.5.5 from lock file\nnpm error Missing: @jridgewell/resolve-uri@3.1.2 from lock file\nnpm error Missing: @types/istanbul-lib-report@3.0.3 from lock file\nnpm error Missing: @types/yargs-parser@21.0.3 from lock file\nnpm error Missing: type-fest@0.21.3 from lock file\nnpm error Missing: @babel/helper-plugin-utils@7.28.6 from lock file\nnpm error Missing: @istanbuljs/load-nyc-config@1.1.0 from lock file\nnpm error Missing: @istanbuljs/schema@0.1.3 from lock file\nnpm error Missing: test-exclude@6.0.0 from lock file\nnpm error Missing: camelcase@5.3.1 from lock file\nnpm error Missing: find-up@4.1.0 from lock file\nnpm error Missing: get-package-type@0.1.0 from lock file\nnpm error Missing: js-yaml@3.14.2 from lock file\nnpm error Missing: resolve-from@5.0.0 from lock file\nnpm error Missing: baseline-browser-mapping@2.9.19 from lock file\nnpm error Missing: caniuse-lite@1.0.30001769 from lock file\nnpm error Missing: electron-to-chromium@1.5.286 from lock file\nnpm error Missing: node-releases@2.0.27 from lock file\nnpm error Missing: update-browserslist-db@1.2.3 from lock file\nnpm error Missing: pkg-dir@4.2.0 from lock file\nnpm error Missing: resolve-cwd@3.0.0 from lock file\nnpm error Missing: make-dir@4.0.0 from lock file\nnpm error Missing: html-escaper@2.0.2 from lock file\nnpm error Missing: execa@5.1.1 from lock file\nnpm error Missing: get-stream@6.0.1 from lock file\nnpm error Missing: human-signals@2.1.0 from lock file\nnpm error Missing: merge-stream@2.0.0 from lock file\nnpm error Missing: npm-run-path@4.0.1 from lock file\nnpm error Missing: onetime@5.1.2 from lock file\nnpm error Missing: signal-exit@3.0.7 from lock file\nnpm error Missing: strip-final-newline@2.0.0 from lock file\nnpm error Missing: @jest/get-type@30.1.0 from lock file\nnpm error Missing: @jest/test-sequencer@30.2.0 from lock file\nnpm error Missing: babel-jest@30.2.0 from lock file\nnpm error Missing: deepmerge@4.3.1 from lock file\nnpm error Missing: glob@10.5.0 from lock file\nnpm error Missing: jest-circus@30.2.0 from lock file\nnpm error Missing: jest-docblock@30.2.0 from lock file\nnpm error Missing: jest-environment-node@30.2.0 from lock file\nnpm error Missing: parse-json@5.2.0 from lock file\nnpm error Missing: @types/babel__core@7.20.5 from lock file\nnpm error Missing: babel-preset-jest@30.2.0 from lock file\nnpm error Missing: @types/babel__generator@7.27.0 from lock file\nnpm error Missing: @types/babel__template@7.4.4 from lock file\nnpm error Missing: @types/babel__traverse@7.28.0 from lock file\nnpm error Missing: babel-plugin-jest-hoist@30.2.0 from lock file\nnpm error Missing: babel-preset-current-node-syntax@1.2.0 from lock file\nnpm error Missing: @babel/plugin-syntax-async-generators@7.8.4 from lock file\nnpm error Missing: @babel/plugin-syntax-bigint@7.8.3 from lock file\nnpm error Missing: @babel/plugin-syntax-class-properties@7.12.13 from lock file\nnpm error Missing: @babel/plugin-syntax-class-static-block@7.14.5 from lock file\nnpm error Missing: @babel/plugin-syntax-import-attributes@7.28.6 from lock file\nnpm error Missing: @babel/plugin-syntax-import-meta@7.10.4 from lock file\nnpm error Missing: @babel/plugin-syntax-json-strings@7.8.3 from lock file\nnpm error Missing: @babel/plugin-syntax-logical-assignment-operators@7.10.4 from lock file\nnpm error Missing: @babel/plugin-syntax-nullish-coalescing-operator@7.8.3 from lock file\nnpm error Missing: @babel/plugin-syntax-numeric-separator@7.10.4 from lock file\nnpm error Missing: @babel/plugin-syntax-object-rest-spread@7.8.3 from lock file\nnpm error Missing: @babel/plugin-syntax-optional-catch-binding@7.8.3 from lock file\nnpm error Missing: @babel/plugin-syntax-optional-chaining@7.8.3 from lock file\nnpm error Missing: @babel/plugin-syntax-private-property-in-object@7.14.5 from lock file\nnpm error Missing: @babel/plugin-syntax-top-level-await@7.14.5 from lock file\nnpm error Missing: @jest/environment@30.2.0 from lock file\nnpm error Missing: @jest/expect@30.2.0 from lock file\nnpm error Missing: co@4.6.0 from lock file\nnpm error Missing: dedent@1.7.1 from lock file\nnpm error Missing: is-generator-fn@2.1.0 from lock file\nnpm error Missing: jest-each@30.2.0 from lock file\nnpm error Missing: jest-matcher-utils@30.2.0 from lock file\nnpm error Missing: pure-rand@7.0.1 from lock file\nnpm error Missing: stack-utils@2.0.6 from lock file\nnpm error Missing: @jest/fake-timers@30.2.0 from lock file\nnpm error Missing: jest-mock@30.2.0 from lock file\nnpm error Missing: expect@30.2.0 from lock file\nnpm error Missing: @sinonjs/fake-timers@13.0.5 from lock file\nnpm error Missing: @sinonjs/commons@3.0.1 from lock file\nnpm error Missing: type-detect@4.0.8 from lock file\nnpm error Missing: @jest/expect-utils@30.2.0 from lock file\nnpm error Missing: detect-newline@3.1.0 from lock file\nnpm error Missing: anymatch@3.1.3 from lock file\nnpm error Missing: fb-watchman@2.0.2 from lock file\nnpm error Missing: fsevents@2.3.3 from lock file\nnpm error Missing: walker@1.0.8 from lock file\nnpm error Missing: normalize-path@3.0.0 from lock file\nnpm error Missing: bser@2.1.1 from lock file\nnpm error Missing: node-int64@0.4.0 from lock file\nnpm error Missing: jest-diff@30.2.0 from lock file\nnpm error Missing: @jest/diff-sequences@30.0.1 from lock file\nnpm error Missing: @types/stack-utils@2.0.3 from lock file\nnpm error Missing: jest-pnp-resolver@1.2.3 from lock file\nnpm error Missing: unrs-resolver@1.11.1 from lock file\nnpm error Missing: emittery@0.13.1 from lock file\nnpm error Missing: jest-leak-detector@30.2.0 from lock file\nnpm error Missing: source-map-support@0.5.13 from lock file\nnpm error Missing: @jest/globals@30.2.0 from lock file\nnpm error Missing: @jest/source-map@30.0.1 from lock file\nnpm error Missing: cjs-module-lexer@2.2.0 from lock file\nnpm error Missing: glob@10.5.0 from lock file\nnpm error Missing: strip-bom@4.0.0 from lock file\nnpm error Missing: @babel/plugin-syntax-jsx@7.28.6 from lock file\nnpm error Missing: @babel/plugin-syntax-typescript@7.28.6 from lock file\nnpm error Missing: @jest/snapshot-utils@30.2.0 from lock file\nnpm error Missing: synckit@0.11.12 from lock file\nnpm error Missing: picomatch@4.0.3 from lock file\nnpm error Missing: camelcase@6.3.0 from lock file\nnpm error Missing: leven@3.1.0 from lock file\nnpm error Missing: supports-color@8.1.1 from lock file\nnpm error Missing: mimic-fn@2.1.0 from lock file\nnpm error Missing: error-ex@1.3.4 from lock file\nnpm error Missing: json-parse-even-better-errors@2.3.1 from lock file\nnpm error Missing: lines-and-columns@1.2.4 from lock file\nnpm error Missing: is-arrayish@0.2.1 from lock file\nnpm error Missing: find-up@4.1.0 from lock file\nnpm error Missing: ansi-styles@5.2.0 from lock file\nnpm error Missing: react-is@18.3.1 from lock file\nnpm error Missing: resolve-from@5.0.0 from lock file\nnpm error Missing: buffer-from@1.1.2 from lock file\nnpm error Missing: source-map@0.6.1 from lock file\nnpm error Missing: escape-string-regexp@2.0.0 from lock file\nnpm error Missing: char-regex@1.0.2 from lock file\nnpm error Missing: @pkgr/core@0.2.9 from lock file\nnpm error Missing: @unrs/resolver-binding-android-arm-eabi@1.11.1 from lock file\nnpm error Missing: @unrs/resolver-binding-android-arm64@1.11.1 from lock file\nnpm error Missing: @unrs/resolver-binding-darwin-arm64@1.11.1 from lock file\nnpm error Missing: @unrs/resolver-binding-darwin-x64@1.11.1 from lock file\nnpm error Missing: @unrs/resolver-binding-freebsd-x64@1.11.1 from lock file\nnpm error Missing: @unrs/resolver-binding-linux-arm-gnueabihf@1.11.1 from lock file\nnpm error Missing: @unrs/resolver-binding-linux-arm-musleabihf@1.11.1 from lock file\nnpm error Missing: @unrs/resolver-binding-linux-arm64-gnu@1.11.1 from lock file\nnpm error Missing: @unrs/resolver-binding-linux-arm64-musl@1.11.1 from lock file\nnpm error Missing: @unrs/resolver-binding-linux-ppc64-gnu@1.11.1 from lock file\nnpm error Missing: @unrs/resolver-binding-linux-riscv64-gnu@1.11.1 from lock file\nnpm error Missing: @unrs/resolver-binding-linux-riscv64-musl@1.11.1 from lock file\nnpm error Missing: @unrs/resolver-binding-linux-s390x-gnu@1.11.1 from lock file\nnpm error Missing: @unrs/resolver-binding-linux-x64-gnu@1.11.1 from lock file\nnpm error Missing: @unrs/resolver-binding-linux-x64-musl@1.11.1 from lock file\nnpm error Missing: @unrs/resolver-binding-wasm32-wasi@1.11.1 from lock file\nnpm error Missing: @unrs/resolver-binding-win32-arm64-msvc@1.11.1 from lock file\nnpm error Missing: @unrs/resolver-binding-win32-ia32-msvc@1.11.1 from lock file\nnpm error Missing: @unrs/resolver-binding-win32-x64-msvc@1.11.1 from lock file\nnpm error Missing: napi-postinstall@0.3.4 from lock file\nnpm error Missing: @napi-rs/wasm-runtime@0.2.12 from lock file\nnpm error Missing: @emnapi/core@1.8.1 from lock file\nnpm error Missing: @emnapi/runtime@1.8.1 from lock file\nnpm error Missing: @tybys/wasm-util@0.10.1 from lock file\nnpm error Missing: @emnapi/wasi-threads@1.1.0 from lock file\nnpm error Missing: makeerror@1.0.12 from lock file\nnpm error Missing: tmpl@1.0.5 from lock file\nnpm error Missing: signal-exit@4.1.0 from lock file\nnpm error Missing: yallist@3.1.1 from lock file\nnpm error Missing: locate-path@5.0.0 from lock file\nnpm error Missing: argparse@1.0.10 from lock file\nnpm error Missing: esprima@4.0.1 from lock file\nnpm error Missing: sprintf-js@1.0.3 from lock file\nnpm error Missing: p-locate@4.1.0 from lock file\nnpm error Missing: p-limit@2.3.0 from lock file\nnpm error Missing: p-try@2.2.0 from lock file\nnpm error Missing: foreground-child@3.3.1 from lock file\nnpm error Missing: jackspeak@3.4.3 from lock file\nnpm error Missing: minimatch@9.0.5 from lock file\nnpm error Missing: minipass@7.1.2 from lock file\nnpm error Missing: package-json-from-dist@1.0.1 from lock file\nnpm error Missing: path-scurry@1.11.1 from lock file\nnpm error Missing: signal-exit@4.1.0 from lock file\nnpm error Missing: @isaacs/cliui@8.0.2 from lock file\nnpm error Missing: @pkgjs/parseargs@0.11.0 from lock file\nnpm error Missing: string-width@5.1.2 from lock file\nnpm error Missing: string-width-cjs@4.2.3 from lock file\nnpm error Missing: strip-ansi@7.1.2 from lock file\nnpm error Missing: strip-ansi-cjs@6.0.1 from lock file\nnpm error Missing: wrap-ansi@8.1.0 from lock file\nnpm error Missing: wrap-ansi-cjs@7.0.0 from lock file\nnpm error Missing: lru-cache@10.4.3 from lock file\nnpm error Missing: eastasianwidth@0.2.0 from lock file\nnpm error Missing: emoji-regex@9.2.2 from lock file\nnpm error Missing: ansi-regex@6.2.2 from lock file\nnpm error Missing: ansi-styles@6.2.3 from lock file\nnpm error Missing: brace-expansion@2.0.2 from lock file\nnpm error Missing: minimatch@9.0.5 from lock file\nnpm error Missing: brace-expansion@2.0.2 from lock file\nnpm error Missing: minimatch@9.0.5 from lock file\nnpm error Missing: brace-expansion@2.0.2 from lock file\nnpm error Missing: locate-path@5.0.0 from lock file\nnpm error Missing: p-locate@4.1.0 from lock file\nnpm error Missing: p-limit@2.3.0 from lock file\nnpm error\nnpm error Clean install a project\nnpm error\nnpm error Usage:\nnpm error npm ci\nnpm error\nnpm error Options:\nnpm error [--install-strategy <hoisted|nested|shallow|linked>] [--legacy-bundling]\nnpm error [--global-style] [--omit <dev|optional|peer> [--omit <dev|optional|peer> ...]]\nnpm error [--include <prod|dev|optional|peer> [--include <prod|dev|optional|peer> ...]]\nnpm error [--strict-peer-deps] [--foreground-scripts] [--ignore-scripts] [--no-audit]\nnpm error [--no-bin-links] [--no-fund] [--dry-run]\nnpm error [-w|--workspace <workspace-name> [-w|--workspace <workspace-name> ...]]\nnpm error [--workspaces] [--include-workspace-root] [--install-links]\nnpm error\nnpm error aliases: clean-install, ic, install-clean, isntall-clean\nnpm error\nnpm error Run \"npm help ci\" for more info\nnpm error A complete log of this run can be found in: /www-data-home/.npm/_logs/2026-02-07T13_56_00_386Z-debug-0.log. For more details see the logs at https://console.cloud.google.com/cloud-build/builds;region=us-central1/b194937f-ac9f-4c8c-8196-9c9ac162419f?project=150030020437."
    },
    "status": 3,
    "code": 3
  }
}
[debug] [2026-02-07T13:57:11.696Z] Error: Failed to create function onHugCreated in region us-central1
    at /Users/sadanekdemir/.nvm/versions/node/v25.4.0/lib/node_modules/firebase-tools/lib/deploy/functions/release/fabricator.js:319:27
    at process.processTicksAndRejections (node:internal/process/task_queues:104:5)
    at async Fabricator.createV2Function (/Users/sadanekdemir/.nvm/versions/node/v25.4.0/lib/node_modules/firebase-tools/lib/deploy/functions/release/fabricator.js:298:30)
    at async Fabricator.createEndpoint (/Users/sadanekdemir/.nvm/versions/node/v25.4.0/lib/node_modules/firebase-tools/lib/deploy/functions/release/fabricator.js:138:13)
    at async handle (/Users/sadanekdemir/.nvm/versions/node/v25.4.0/lib/node_modules/firebase-tools/lib/deploy/functions/release/fabricator.js:90:17)
[error] 
[error] Error: There was an error deploying functions
